x,y,time
-0.013916015625,-0.654541015625,2025-07-04T11:36:12.820956
-0.013916015625,-0.654541015625,2025-07-04T11:36:12.824901
-0.0186767578125,-0.678955078125,2025-07-04T11:36:12.830929
-0.02490234375,-0.70556640625,2025-07-04T11:36:12.835875
-0.02490234375,-0.70556640625,2025-07-04T11:36:12.839862
-0.0302734375,-0.73291015625,2025-07-04T11:36:12.843850
-0.0302734375,-0.73291015625,2025-07-04T11:36:12.846842
-0.0302734375,-0.73291015625,2025-07-04T11:36:12.850829
-0.0347900390625,-0.7581787109375,2025-07-04T11:36:12.853820
-0.0347900390625,-0.7581787109375,2025-07-04T11:36:12.856812
-0.0394287109375,-0.783935546875,2025-07-04T11:36:12.859829
-0.0394287109375,-0.783935546875,2025-07-04T11:36:12.861967
-0.0394287109375,-0.783935546875,2025-07-04T11:36:12.864976
-0.04443359375,-0.8106689453125,2025-07-04T11:36:12.867938
-0.04443359375,-0.8106689453125,2025-07-04T11:36:12.871771
-0.04443359375,-0.8106689453125,2025-07-04T11:36:12.874767
-0.047119140625,-0.834716796875,2025-07-04T11:36:12.876972
-0.047119140625,-0.834716796875,2025-07-04T11:36:12.879959
-0.047119140625,-0.834716796875,2025-07-04T11:36:12.882955
-0.0501708984375,-0.8592529296875,2025-07-04T11:36:12.885764
-0.0501708984375,-0.8592529296875,2025-07-04T11:36:12.888754
-0.05322265625,-0.882568359375,2025-07-04T11:36:12.891747
-0.05322265625,-0.882568359375,2025-07-04T11:36:12.894737
-0.05322265625,-0.882568359375,2025-07-04T11:36:12.896898
-0.0576171875,-0.9044189453125,2025-07-04T11:36:12.899878
-0.0576171875,-0.9044189453125,2025-07-04T11:36:12.902691
-0.0576171875,-0.9044189453125,2025-07-04T11:36:12.905708
-0.0599365234375,-0.92431640625,2025-07-04T11:36:12.908673
-0.0599365234375,-0.92431640625,2025-07-04T11:36:12.910700
-0.0599365234375,-0.92431640625,2025-07-04T11:36:12.912852
-0.0625,-0.9439697265625,2025-07-04T11:36:12.915655
-0.0625,-0.9439697265625,2025-07-04T11:36:12.917854
-0.0625,-0.9439697265625,2025-07-04T11:36:12.920658
-0.0625,-0.9439697265625,2025-07-04T11:36:12.922663
-0.0655517578125,-0.9656982421875,2025-07-04T11:36:12.925842
-0.0655517578125,-0.9656982421875,2025-07-04T11:36:12.928828
-0.070068359375,-0.985595703125,2025-07-04T11:36:12.931612
-0.070068359375,-0.985595703125,2025-07-04T11:36:12.933820
-0.070068359375,-0.985595703125,2025-07-04T11:36:12.936609
-0.0755615234375,-1.0,2025-07-04T11:36:12.939609
-0.0755615234375,-1.0,2025-07-04T11:36:12.942605
-0.0755615234375,-1.0,2025-07-04T11:36:12.945683
-0.0794677734375,-1.0,2025-07-04T11:36:12.947568
-0.0794677734375,-1.0,2025-07-04T11:36:12.949777
-0.0794677734375,-1.0,2025-07-04T11:36:12.952585
-0.0826416015625,-1.0,2025-07-04T11:36:12.955577
-0.0826416015625,-1.0,2025-07-04T11:36:12.958642
-0.0826416015625,-1.0,2025-07-04T11:36:12.960534
-0.0826416015625,-1.0,2025-07-04T11:36:12.962747
-0.0885009765625,-1.0,2025-07-04T11:36:12.965731
-0.0885009765625,-1.0,2025-07-04T11:36:12.968514
-0.0908203125,-1.0,2025-07-04T11:36:12.971534
-0.0908203125,-1.0,2025-07-04T11:36:12.974713
-0.0908203125,-1.0,2025-07-04T11:36:12.977674
-0.0908203125,-1.0,2025-07-04T11:36:12.980693
-0.0908203125,-1.0,2025-07-04T11:36:12.983682
-0.0908203125,-1.0,2025-07-04T11:36:12.986498
-0.0908203125,-1.0,2025-07-04T11:36:12.989493
-0.0908203125,-1.0,2025-07-04T11:36:12.992484
-0.0908203125,-1.0,2025-07-04T11:36:12.994479
-0.0908203125,-1.0,2025-07-04T11:36:12.996731
-0.0908203125,-1.0,2025-07-04T11:36:12.999763
-0.0908203125,-1.0,2025-07-04T11:36:13.001727
-0.0908203125,-1.0,2025-07-04T11:36:13.003723
-0.0908203125,-1.0,2025-07-04T11:36:13.006934
-0.0908203125,-1.0,2025-07-04T11:36:13.009906
-0.0908203125,-1.0,2025-07-04T11:36:13.012910
-0.0908203125,-1.0,2025-07-04T11:36:13.015901
-0.0908203125,-1.0,2025-07-04T11:36:13.018683
-0.0908203125,-1.0,2025-07-04T11:36:13.021706
-0.0908203125,-1.0,2025-07-04T11:36:13.024693
-0.0908203125,-1.0,2025-07-04T11:36:13.027769
-0.0908203125,-1.0,2025-07-04T11:36:13.029755
-0.0908203125,-1.0,2025-07-04T11:36:13.031757
-0.0908203125,-1.0,2025-07-04T11:36:13.033751
-0.0908203125,-1.0,2025-07-04T11:36:13.035665
-0.0908203125,-1.0,2025-07-04T11:36:13.037720
-0.0908203125,-1.0,2025-07-04T11:36:13.039655
-0.0908203125,-1.0,2025-07-04T11:36:13.042832
-0.0908203125,-1.0,2025-07-04T11:36:13.045827
-0.0908203125,-1.0,2025-07-04T11:36:13.048811
-0.0908203125,-1.0,2025-07-04T11:36:13.051595
-0.0908203125,-1.0,2025-07-04T11:36:13.054615
-0.0908203125,-1.0,2025-07-04T11:36:13.057788
-0.0908203125,-1.0,2025-07-04T11:36:13.060571
-0.0908203125,-1.0,2025-07-04T11:36:13.062788
-0.0908203125,-1.0,2025-07-04T11:36:13.065767
-0.0908203125,-1.0,2025-07-04T11:36:13.068550
-0.0908203125,-1.0,2025-07-04T11:36:13.071570
-0.0908203125,-1.0,2025-07-04T11:36:13.075557
-0.0908203125,-1.0,2025-07-04T11:36:13.078634
-0.0908203125,-1.0,2025-07-04T11:36:13.080733
-0.0908203125,-1.0,2025-07-04T11:36:13.083719
-0.0908203125,-1.0,2025-07-04T11:36:13.086502
-0.0908203125,-1.0,2025-07-04T11:36:13.088527
-0.0908203125,-1.0,2025-07-04T11:36:13.090688
-0.0908203125,-1.0,2025-07-04T11:36:13.093692
-0.0908203125,-1.0,2025-07-04T11:36:13.096691
-0.0908203125,-1.0,2025-07-04T11:36:13.099677
-0.0908203125,-1.0,2025-07-04T11:36:13.102491
-0.0908203125,-1.0,2025-07-04T11:36:13.105479
-0.0908203125,-1.0,2025-07-04T11:36:13.108660
-0.0908203125,-1.0,2025-07-04T11:36:13.111656
-0.0908203125,-1.0,2025-07-04T11:36:13.114635
-0.0908203125,-1.0,2025-07-04T11:36:13.117629
-0.0908203125,-1.0,2025-07-04T11:36:13.120411
-0.0908203125,-1.0,2025-07-04T11:36:13.123431
-0.0908203125,-1.0,2025-07-04T11:36:13.126423
-0.0908203125,-1.0,2025-07-04T11:36:13.129496
-0.0908203125,-1.0,2025-07-04T11:36:13.131598
-0.0908203125,-1.0,2025-07-04T11:36:13.134583
-0.0908203125,-1.0,2025-07-04T11:36:13.137367
-0.0908203125,-1.0,2025-07-04T11:36:13.139390
-0.0908203125,-1.0,2025-07-04T11:36:13.142569
-0.0908203125,-1.0,2025-07-04T11:36:13.145558
-0.0902099609375,-1.0,2025-07-04T11:36:13.148532
-0.0902099609375,-1.0,2025-07-04T11:36:13.151331
-0.0897216796875,-1.0,2025-07-04T11:36:13.155318
-0.0897216796875,-1.0,2025-07-04T11:36:13.158310
-0.0897216796875,-1.0,2025-07-04T11:36:13.160462
-0.0897216796875,-1.0,2025-07-04T11:36:13.163506
-0.0897216796875,-1.0,2025-07-04T11:36:13.166503
-0.0897216796875,-1.0,2025-07-04T11:36:13.169283
-0.0897216796875,-1.0,2025-07-04T11:36:13.171365
-0.0897216796875,-1.0,2025-07-04T11:36:13.174297
-0.0897216796875,-1.0,2025-07-04T11:36:13.176290
-0.0897216796875,-1.0,2025-07-04T11:36:13.178284
-0.0897216796875,-1.0,2025-07-04T11:36:13.180459
-0.0897216796875,-1.0,2025-07-04T11:36:13.183455
-0.0897216796875,-1.0,2025-07-04T11:36:13.186259
-0.0897216796875,-1.0,2025-07-04T11:36:13.189389
-0.0897216796875,-1.0,2025-07-04T11:36:13.192435
-0.0897216796875,-1.0,2025-07-04T11:36:13.195413
-0.0897216796875,-1.0,2025-07-04T11:36:13.198419
-0.0897216796875,-1.0,2025-07-04T11:36:13.201329
-0.090576171875,-1.0,2025-07-04T11:36:13.204188
-0.090576171875,-1.0,2025-07-04T11:36:13.206214
-0.090576171875,-1.0,2025-07-04T11:36:13.208177
-0.090576171875,-1.0,2025-07-04T11:36:13.210199
-0.0927734375,-1.0,2025-07-04T11:36:13.212194
-0.0927734375,-1.0,2025-07-04T11:36:13.214379
-0.0927734375,-1.0,2025-07-04T11:36:13.217368
-0.0953369140625,-1.0,2025-07-04T11:36:13.220145
-0.0953369140625,-1.0,2025-07-04T11:36:13.222172
-0.0953369140625,-1.0,2025-07-04T11:36:13.224318
-0.0953369140625,-1.0,2025-07-04T11:36:13.227129
-0.0948486328125,-0.996337890625,2025-07-04T11:36:13.229329
-0.0948486328125,-0.996337890625,2025-07-04T11:36:13.232323
-0.0948486328125,-0.996337890625,2025-07-04T11:36:13.235105
-0.093994140625,-0.9822998046875,2025-07-04T11:36:13.238125
-0.093994140625,-0.9822998046875,2025-07-04T11:36:13.241308
-0.093017578125,-0.96630859375,2025-07-04T11:36:13.244265
-0.093017578125,-0.96630859375,2025-07-04T11:36:13.247282
-0.093017578125,-0.96630859375,2025-07-04T11:36:13.250275
-0.092041015625,-0.9500732421875,2025-07-04T11:36:13.253058
-0.092041015625,-0.9500732421875,2025-07-04T11:36:13.257061
-0.092041015625,-0.9500732421875,2025-07-04T11:36:13.259074
-0.0909423828125,-0.9306640625,2025-07-04T11:36:13.261235
-0.0909423828125,-0.9306640625,2025-07-04T11:36:13.264138
-0.0909423828125,-0.9306640625,2025-07-04T11:36:13.266133
-0.090087890625,-0.9169921875,2025-07-04T11:36:13.268016
-0.090087890625,-0.9169921875,2025-07-04T11:36:13.270012
-0.090087890625,-0.9169921875,2025-07-04T11:36:13.272035
-0.090087890625,-0.9169921875,2025-07-04T11:36:13.275194
-0.0897216796875,-0.8975830078125,2025-07-04T11:36:13.278188
-0.0897216796875,-0.8975830078125,2025-07-04T11:36:13.281194
-0.0897216796875,-0.8798828125,2025-07-04T11:36:13.284178
-0.0897216796875,-0.8798828125,2025-07-04T11:36:13.286967
-0.0897216796875,-0.8798828125,2025-07-04T11:36:13.288989
-0.0869140625,-0.8604736328125,2025-07-04T11:36:13.291124
-0.0869140625,-0.8604736328125,2025-07-04T11:36:13.293947
-0.0869140625,-0.8604736328125,2025-07-04T11:36:13.296156
-0.0869140625,-0.8604736328125,2025-07-04T11:36:13.299131
-0.0821533203125,-0.8406982421875,2025-07-04T11:36:13.301928
-0.0821533203125,-0.8406982421875,2025-07-04T11:36:13.304947
-0.0772705078125,-0.8173828125,2025-07-04T11:36:13.307939
-0.0772705078125,-0.8173828125,2025-07-04T11:36:13.311079
-0.0772705078125,-0.8173828125,2025-07-04T11:36:13.314103
-0.072265625,-0.7945556640625,2025-07-04T11:36:13.317097
-0.072265625,-0.7945556640625,2025-07-04T11:36:13.319879
-0.072265625,-0.7945556640625,2025-07-04T11:36:13.321902
-0.0653076171875,-0.767822265625,2025-07-04T11:36:13.324057
-0.0653076171875,-0.767822265625,2025-07-04T11:36:13.327072
-0.0653076171875,-0.767822265625,2025-07-04T11:36:13.330063
-0.0557861328125,-0.739990234375,2025-07-04T11:36:13.333052
-0.0557861328125,-0.739990234375,2025-07-04T11:36:13.335868
-0.0482177734375,-0.7105712890625,2025-07-04T11:36:13.338857
-0.0482177734375,-0.7105712890625,2025-07-04T11:36:13.342023
-0.0482177734375,-0.7105712890625,2025-07-04T11:36:13.345035
-0.0400390625,-0.68017578125,2025-07-04T11:36:13.347993
-0.0400390625,-0.68017578125,2025-07-04T11:36:13.351005
-0.0400390625,-0.68017578125,2025-07-04T11:36:13.353877
-0.0330810546875,-0.6494140625,2025-07-04T11:36:13.356810
-0.0330810546875,-0.6494140625,2025-07-04T11:36:13.358802
-0.0330810546875,-0.6494140625,2025-07-04T11:36:13.360799
-0.0330810546875,-0.6494140625,2025-07-04T11:36:13.362979
-0.02734375,-0.61767578125,2025-07-04T11:36:13.365972
-0.02734375,-0.61767578125,2025-07-04T11:36:13.368779
-0.0213623046875,-0.5888671875,2025-07-04T11:36:13.371773
-0.0213623046875,-0.5888671875,2025-07-04T11:36:13.373897
-0.0213623046875,-0.5888671875,2025-07-04T11:36:13.376946
-0.01513671875,-0.556884765625,2025-07-04T11:36:13.379885
-0.01513671875,-0.556884765625,2025-07-04T11:36:13.382921
-0.01513671875,-0.556884765625,2025-07-04T11:36:13.385734
-0.0093994140625,-0.52734375,2025-07-04T11:36:13.388725
-0.0093994140625,-0.52734375,2025-07-04T11:36:13.391900
-0.0093994140625,-0.52734375,2025-07-04T11:36:13.394892
-0.00341796875,-0.4971923828125,2025-07-04T11:36:13.397886
-0.00341796875,-0.4971923828125,2025-07-04T11:36:13.400877
0.002471923828125,-0.467041015625,2025-07-04T11:36:13.403746
0.002471923828125,-0.467041015625,2025-07-04T11:36:13.406804
0.002471923828125,-0.467041015625,2025-07-04T11:36:13.409848
0.006011962890625,-0.436767578125,2025-07-04T11:36:13.412850
0.006011962890625,-0.436767578125,2025-07-04T11:36:13.415838
0.006011962890625,-0.436767578125,2025-07-04T11:36:13.418615
0.010162353515625,-0.407470703125,2025-07-04T11:36:13.421607
0.010162353515625,-0.407470703125,2025-07-04T11:36:13.423630
0.010162353515625,-0.407470703125,2025-07-04T11:36:13.426624
0.014068603515625,-0.376220703125,2025-07-04T11:36:13.428809
0.014068603515625,-0.376220703125,2025-07-04T11:36:13.431791
0.014068603515625,-0.376220703125,2025-07-04T11:36:13.434571
0.017974853515625,-0.3453369140625,2025-07-04T11:36:13.438560
0.017974853515625,-0.3453369140625,2025-07-04T11:36:13.441552
0.020538330078125,-0.3162841796875,2025-07-04T11:36:13.443547
0.020538330078125,-0.3162841796875,2025-07-04T11:36:13.445542
0.020538330078125,-0.3162841796875,2025-07-04T11:36:13.447536
0.020538330078125,-0.3162841796875,2025-07-04T11:36:13.449531
0.020660400390625,-0.2864990234375,2025-07-04T11:36:13.451532
0.020660400390625,-0.2864990234375,2025-07-04T11:36:13.455517
0.020660400390625,-0.2864990234375,2025-07-04T11:36:13.457511
0.020660400390625,-0.2607421875,2025-07-04T11:36:13.460504
0.020660400390625,-0.2607421875,2025-07-04T11:36:13.462498
0.020660400390625,-0.2607421875,2025-07-04T11:36:13.464493
0.020660400390625,-0.2607421875,2025-07-04T11:36:13.466488
0.020660400390625,-0.2337646484375,2025-07-04T11:36:13.468482
0.020660400390625,-0.2337646484375,2025-07-04T11:36:13.470478
0.020660400390625,-0.2337646484375,2025-07-04T11:36:13.473469
0.020660400390625,-0.2088623046875,2025-07-04T11:36:13.475464
0.020660400390625,-0.2088623046875,2025-07-04T11:36:13.477458
0.020660400390625,-0.2088623046875,2025-07-04T11:36:13.479453
0.020660400390625,-0.2088623046875,2025-07-04T11:36:13.481654
0.020660400390625,-0.1856689453125,2025-07-04T11:36:13.484651
0.020660400390625,-0.1856689453125,2025-07-04T11:36:13.487528
0.020660400390625,-0.1856689453125,2025-07-04T11:36:13.490538
0.017364501953125,-0.1640625,2025-07-04T11:36:13.493525
0.017364501953125,-0.1640625,2025-07-04T11:36:13.496415
0.013336181640625,-0.1409912109375,2025-07-04T11:36:13.499400
0.013336181640625,-0.1409912109375,2025-07-04T11:36:13.502406
0.013336181640625,-0.1409912109375,2025-07-04T11:36:13.505384
0.006011962890625,-0.121337890625,2025-07-04T11:36:13.509400
0.006011962890625,-0.121337890625,2025-07-04T11:36:13.512365
0.006011962890625,-0.121337890625,2025-07-04T11:36:13.514388
0.000762939453125,-0.1019287109375,2025-07-04T11:36:13.516354
0.000762939453125,-0.1019287109375,2025-07-04T11:36:13.518352
0.000762939453125,-0.1019287109375,2025-07-04T11:36:13.521341
-0.001953125,-0.0830078125,2025-07-04T11:36:13.523335
-0.001953125,-0.0830078125,2025-07-04T11:36:13.526437
-0.001953125,-0.0830078125,2025-07-04T11:36:13.529431
-0.0052490234375,-0.063720703125,2025-07-04T11:36:13.532425
-0.0052490234375,-0.063720703125,2025-07-04T11:36:13.535336
-0.0052490234375,-0.063720703125,2025-07-04T11:36:13.538324
0.0,-0.0428466796875,2025-07-04T11:36:13.541511
0.0,-0.0428466796875,2025-07-04T11:36:13.544478
0.0,-0.0428466796875,2025-07-04T11:36:13.547296
0.0,-0.007568359375,2025-07-04T11:36:13.549476
0.0,-0.007568359375,2025-07-04T11:36:13.552259
0.0,0.0,2025-07-04T11:36:13.555250
0.0,0.0,2025-07-04T11:36:13.558274
0.0,0.0,2025-07-04T11:36:13.561412
0.0,0.0,2025-07-04T11:36:13.564437
0.0,0.0,2025-07-04T11:36:13.567428
0.0,0.0,2025-07-04T11:36:13.570210
0.0,0.0,2025-07-04T11:36:13.572233
0.0,0.0,2025-07-04T11:36:13.574388
0.0,0.0,2025-07-04T11:36:13.577192
0.0,0.0,2025-07-04T11:36:13.579390
0.0,0.0,2025-07-04T11:36:13.582389
0.0,0.0,2025-07-04T11:36:13.585172
0.0,0.0,2025-07-04T11:36:13.588193
0.0,0.0,2025-07-04T11:36:13.590317
0.0,0.0,2025-07-04T11:36:13.593359
0.0,0.0,2025-07-04T11:36:13.596353
0.0,0.0,2025-07-04T11:36:13.599343
0.0,0.0,2025-07-04T11:36:13.602126
0.0,0.0,2025-07-04T11:36:13.605145
0.0,0.0,2025-07-04T11:36:13.608137
0.0,0.0,2025-07-04T11:36:13.610132
0.0,0.0,2025-07-04T11:36:13.612308
0.0,0.0,2025-07-04T11:36:13.615300
0.0,0.0,2025-07-04T11:36:13.618085
0.0,0.0,2025-07-04T11:36:13.622071
0.0,0.0,2025-07-04T11:36:13.625067
0.0,0.0,2025-07-04T11:36:13.627103
0.0,0.0,2025-07-04T11:36:13.629262
0.0,0.0,2025-07-04T11:36:13.632257
0.0,0.0,2025-07-04T11:36:13.635041
0.0,0.0,2025-07-04T11:36:13.638057
0.0,0.0,2025-07-04T11:36:13.641025
0.0,0.0,2025-07-04T11:36:13.643216
0.0,0.0,2025-07-04T11:36:13.646218
0.0,0.0,2025-07-04T11:36:13.649215
0.0,0.0,2025-07-04T11:36:13.652030
0.0,0.0,2025-07-04T11:36:13.655012
0.0,0.0,2025-07-04T11:36:13.658196
0.0,0.0,2025-07-04T11:36:13.661155
0.0,0.0,2025-07-04T11:36:13.664172
0.0,0.0,2025-07-04T11:36:13.667145
0.0,0.0,2025-07-04T11:36:13.669973
0.0,0.0,2025-07-04T11:36:13.673961
0.0,0.0,2025-07-04T11:36:13.675958
0.0,0.0,2025-07-04T11:36:13.678134
0.0,0.0,2025-07-04T11:36:13.681122
0.0,0.0,2025-07-04T11:36:13.684117
0.0,0.0,2025-07-04T11:36:13.686899
0.0,0.0,2025-07-04T11:36:13.688922
0.0,0.0,2025-07-04T11:36:13.691059
0.0,0.0,2025-07-04T11:36:13.693881
0.0,0.0,2025-07-04T11:36:13.696093
0.0,0.0,2025-07-04T11:36:13.699067
0.0,0.0,2025-07-04T11:36:13.701859
0.0,0.0,2025-07-04T11:36:13.704879
0.0,0.0,2025-07-04T11:36:13.707873
0.0,0.0,2025-07-04T11:36:13.711014
0.0,0.0,2025-07-04T11:36:13.714037
0.0,0.0,2025-07-04T11:36:13.716848
0.0,0.0,2025-07-04T11:36:13.719837
0.0,0.0,2025-07-04T11:36:13.722833
0.0,0.0,2025-07-04T11:36:13.724826
0.0,0.0,2025-07-04T11:36:13.726822
0.0,0.0,2025-07-04T11:36:13.728786
0.0,0.0,2025-07-04T11:36:13.730784
0.0,0.0,2025-07-04T11:36:13.732811
0.0,0.0,2025-07-04T11:36:13.734819
0.0,0.0,2025-07-04T11:36:13.736803
0.0,0.0,2025-07-04T11:36:13.739794
0.0,0.0,2025-07-04T11:36:13.741920
0.0,0.0,2025-07-04T11:36:13.745136
0.0,0.0,2025-07-04T11:36:13.748110
0.0,0.0,2025-07-04T11:36:13.751109
0.0,0.0,2025-07-04T11:36:13.753965
0.0,0.0,2025-07-04T11:36:13.757045
0.0,0.0,2025-07-04T11:36:13.760086
0.0,0.0,2025-07-04T11:36:13.763048
0.0,0.0,2025-07-04T11:36:13.766056
0.0,0.0,2025-07-04T11:36:13.768883
0.0,0.0,2025-07-04T11:36:13.771876
0.0,0.0,2025-07-04T11:36:13.774840
0.0,0.0,2025-07-04T11:36:13.777056
0.0,0.0,2025-07-04T11:36:13.780042
0.0,0.0,2025-07-04T11:36:13.783024
0.0,0.0,2025-07-04T11:36:13.785839
0.0,0.0,2025-07-04T11:36:13.788828
0.0,0.0,2025-07-04T11:36:13.792008
0.0,0.0,2025-07-04T11:36:13.795000
0.0,0.0,2025-07-04T11:36:13.797984
0.0,0.0,2025-07-04T11:36:13.800977
0.0,0.0,2025-07-04T11:36:13.803847
0.0,0.0,2025-07-04T11:36:13.806921
0.0,0.0,2025-07-04T11:36:13.809952
0.0,0.0,2025-07-04T11:36:13.812949
0.0,0.0,2025-07-04T11:36:13.815939
0.0,0.0,2025-07-04T11:36:13.818749
0.0,0.0,2025-07-04T11:36:13.821740
0.0,0.0,2025-07-04T11:36:13.824707
0.0,0.0,2025-07-04T11:36:13.826916
0.0,0.0,2025-07-04T11:36:13.829900
0.0,0.0,2025-07-04T11:36:13.832892
0.0,0.0,2025-07-04T11:36:13.835707
0.0,0.0,2025-07-04T11:36:13.838694
0.0,0.0,2025-07-04T11:36:13.841866
0.0,0.0,2025-07-04T11:36:13.844868
0.0,0.0,2025-07-04T11:36:13.847858
0.0,0.0,2025-07-04T11:36:13.850846
0.0,0.0,2025-07-04T11:36:13.853626
0.0,0.0,2025-07-04T11:36:13.855649
0.0,0.0,2025-07-04T11:36:13.858855
0.0,0.0,2025-07-04T11:36:13.861074
0.0,0.0,2025-07-04T11:36:13.863288
0.0,0.0,2025-07-04T11:36:13.866272
0.0,0.0,2025-07-04T11:36:13.869087
0.0,0.0,2025-07-04T11:36:13.872077
0.0,0.0,2025-07-04T11:36:13.875244
0.0,0.0,2025-07-04T11:36:13.878252
0.0,0.0,2025-07-04T11:36:13.881235
0.0,0.0,2025-07-04T11:36:13.884227
0.0,0.0,2025-07-04T11:36:13.887010
0.0,0.0,2025-07-04T11:36:13.890165
0.0,0.0,2025-07-04T11:36:13.893207
0.0,0.0,2025-07-04T11:36:13.896196
0.0,0.0,2025-07-04T11:36:13.899157
0.0,0.0,2025-07-04T11:36:13.901969
0.0,0.0,2025-07-04T11:36:13.904988
0.0,0.0,2025-07-04T11:36:13.908165
0.0,0.0,2025-07-04T11:36:13.911142
0.0,0.0,2025-07-04T11:36:13.914145
0.0,0.0,2025-07-04T11:36:13.917141
0.0,0.0,2025-07-04T11:36:13.919922
0.0,0.0,2025-07-04T11:36:13.922913
0.0,0.0,2025-07-04T11:36:13.925123
0.0,0.0,2025-07-04T11:36:13.928106
0.0,0.0,2025-07-04T11:36:13.931088
0.0,0.0,2025-07-04T11:36:13.934094
0.0,0.0,2025-07-04T11:36:13.936875
0.0,0.0,2025-07-04T11:36:13.938898
0.0,0.0,2025-07-04T11:36:13.941051
0.0,0.0,2025-07-04T11:36:13.943857
0.0,0.0,2025-07-04T11:36:13.946066
0.0,0.0,2025-07-04T11:36:13.949048
0.0,0.0,2025-07-04T11:36:13.951841
0.0,0.0,2025-07-04T11:36:13.954856
0.0,0.0,2025-07-04T11:36:13.958034
0.0,0.0,2025-07-04T11:36:13.960998
0.0,0.0,2025-07-04T11:36:13.964009
0.0,0.0,2025-07-04T11:36:13.967000
0.0,0.0,2025-07-04T11:36:13.969821
0.0,0.0,2025-07-04T11:36:13.971847
0.0,0.0,2025-07-04T11:36:13.975059
0.0,0.0,2025-07-04T11:36:13.978267
0.0,0.0,2025-07-04T11:36:13.981254
0.0,0.0,2025-07-04T11:36:13.984251
0.0,0.0,2025-07-04T11:36:13.987031
0.0,0.0,2025-07-04T11:36:13.989054
0.0,0.0,2025-07-04T11:36:13.992230
0.0,0.0,2025-07-04T11:36:13.995208
0.0,0.0,2025-07-04T11:36:13.998192
0.0,0.0,2025-07-04T11:36:14.001023
0.0,0.0,2025-07-04T11:36:14.004983
0.0,0.0,2025-07-04T11:36:14.007979
0.0,0.0,2025-07-04T11:36:14.010174
0.0,0.0,2025-07-04T11:36:14.013173
0.0,0.0,2025-07-04T11:36:14.016164
0.0,0.0,2025-07-04T11:36:14.018947
0.0,0.0,2025-07-04T11:36:14.021028
0.0,0.0,2025-07-04T11:36:14.024083
0.0,0.0,2025-07-04T11:36:14.027121
0.0,0.0,2025-07-04T11:36:14.030113
0.0,0.0,2025-07-04T11:36:14.033107
0.0,0.0,2025-07-04T11:36:14.035930
0.0,0.0,2025-07-04T11:36:14.038923
0.0,0.0,2025-07-04T11:36:14.042106
0.0,0.0,2025-07-04T11:36:14.045097
0.0,0.0,2025-07-04T11:36:14.048082
0.0,0.0,2025-07-04T11:36:14.051061
0.0,0.0,2025-07-04T11:36:14.053930
0.0,0.0,2025-07-04T11:36:14.056953
0.0,0.0,2025-07-04T11:36:14.059027
0.0,0.0,2025-07-04T11:36:14.062043
0.0,0.0,2025-07-04T11:36:14.065034
0.0,0.0,2025-07-04T11:36:14.067989
0.0,0.0,2025-07-04T11:36:14.070808
0.0,0.0,2025-07-04T11:36:14.072831
0.0,0.0,2025-07-04T11:36:14.074995
0.0,0.0,2025-07-04T11:36:14.078004
0.0,0.0,2025-07-04T11:36:14.080974
0.0,0.0,2025-07-04T11:36:14.083983
0.0,0.0,2025-07-04T11:36:14.086765
0.0,0.0,2025-07-04T11:36:14.089922
0.0,0.0,2025-07-04T11:36:14.092964
0.0,0.0,2025-07-04T11:36:14.095952
0.0,0.0,2025-07-04T11:36:14.098940
0.0,0.0,2025-07-04T11:36:14.101725
0.0,0.0,2025-07-04T11:36:14.104745
0.0,0.0,2025-07-04T11:36:14.107713
0.0,0.0,2025-07-04T11:36:14.109919
0.0,0.0,2025-07-04T11:36:14.112906
0.0,0.0,2025-07-04T11:36:14.115905
0.0,0.0,2025-07-04T11:36:14.118710
0.0,0.0,2025-07-04T11:36:14.121702
0.0,0.0,2025-07-04T11:36:14.124862
0.0,0.0,2025-07-04T11:36:14.127857
0.0,0.0,2025-07-04T11:36:14.130867
0.0,0.0,2025-07-04T11:36:14.133855
0.0,0.0,2025-07-04T11:36:14.136632
0.0,0.0,2025-07-04T11:36:14.139785
0.0,0.0,2025-07-04T11:36:14.142825
0.0,0.0,2025-07-04T11:36:14.145825
0.0,0.0,2025-07-04T11:36:14.148818
0.0,0.0,2025-07-04T11:36:14.151593
0.0,0.0,2025-07-04T11:36:14.154584
0.0,0.0,2025-07-04T11:36:14.156606
0.0,0.0,2025-07-04T11:36:14.159787
0.0,0.0,2025-07-04T11:36:14.162773
0.0,0.0,2025-07-04T11:36:14.165769
0.0,0.0,2025-07-04T11:36:14.168547
0.0,0.0,2025-07-04T11:36:14.171567
0.0,0.0,2025-07-04T11:36:14.173700
0.0,0.0,2025-07-04T11:36:14.176734
0.0,0.0,2025-07-04T11:36:14.179726
0.0,0.0,2025-07-04T11:36:14.182722
0.0,0.0,2025-07-04T11:36:14.185502
0.0,0.0,2025-07-04T11:36:14.188521
0.0,0.0,2025-07-04T11:36:14.190650
0.0,0.0,2025-07-04T11:36:14.193695
0.0,0.0,2025-07-04T11:36:14.196687
0.0,0.0,2025-07-04T11:36:14.199675
0.0,0.0,2025-07-04T11:36:14.202486
0.0,0.0,2025-07-04T11:36:14.205476
0.0,0.0,2025-07-04T11:36:14.208444
0.0,0.0,2025-07-04T11:36:14.210465
0.0,0.0,2025-07-04T11:36:14.212641
0.0,0.0,2025-07-04T11:36:14.215632
0.0,0.0,2025-07-04T11:36:14.218414
0.0,0.0,2025-07-04T11:36:14.221433
0.0,0.0,2025-07-04T11:36:14.224501
0.0,0.0,2025-07-04T11:36:14.226609
0.0,0.0,2025-07-04T11:36:14.229599
0.0,0.0,2025-07-04T11:36:14.232587
0.0,0.0,2025-07-04T11:36:14.235370
0.0,0.0,2025-07-04T11:36:14.238389
0.0,0.0,2025-07-04T11:36:14.241573
0.0,0.0,2025-07-04T11:36:14.244545
0.0,0.0,2025-07-04T11:36:14.247542
0.0,0.0,2025-07-04T11:36:14.250515
0.0,0.0,2025-07-04T11:36:14.253320
0.0,0.0,2025-07-04T11:36:14.255343
0.0,0.0,2025-07-04T11:36:14.257494
0.0,0.0,2025-07-04T11:36:14.260455
0.0,0.0,2025-07-04T11:36:14.263506
0.0,0.0,2025-07-04T11:36:14.266467
0.0,0.0,2025-07-04T11:36:14.269286
0.0,0.0,2025-07-04T11:36:14.271359
0.0,0.0,2025-07-04T11:36:14.273297
0.0,0.0,2025-07-04T11:36:14.275451
0.0,0.0,2025-07-04T11:36:14.278476
0.0,0.0,2025-07-04T11:36:14.281462
0.0,0.0,2025-07-04T11:36:14.284453
0.0,0.0,2025-07-04T11:36:14.287266
0.0,0.0,2025-07-04T11:36:14.289253
0.0,0.0,2025-07-04T11:36:14.291392
0.0,0.0,2025-07-04T11:36:14.294401
0.0,0.0,2025-07-04T11:36:14.297414
0.0,0.0,2025-07-04T11:36:14.300407
0.0,0.0,2025-07-04T11:36:14.303187
0.0,0.0,2025-07-04T11:36:14.305212
0.0,0.0,2025-07-04T11:36:14.307352
0.0,0.0,2025-07-04T11:36:14.310380
0.0,0.0,2025-07-04T11:36:14.313372
0.0,0.0,2025-07-04T11:36:14.316363
0.0,0.0,2025-07-04T11:36:14.319176
0.0,0.0,2025-07-04T11:36:14.322164
0.0,0.0,2025-07-04T11:36:14.325227
0.0,0.0,2025-07-04T11:36:14.327127
0.0,0.0,2025-07-04T11:36:14.329334
0.0,0.0,2025-07-04T11:36:14.332326
0.0,0.0,2025-07-04T11:36:14.335103
0.0,0.0,2025-07-04T11:36:14.338122
0.0,0.0,2025-07-04T11:36:14.341090
0.0,0.0,2025-07-04T11:36:14.343297
0.0,0.0,2025-07-04T11:36:14.346101
0.0,0.0,2025-07-04T11:36:14.348285
0.0,0.0,2025-07-04T11:36:14.351270
0.0,0.0,2025-07-04T11:36:14.354077
0.0,0.0,2025-07-04T11:36:14.356078
0.0,0.0,2025-07-04T11:36:14.358230
0.0,0.0,2025-07-04T11:36:14.361237
0.0,0.0,2025-07-04T11:36:14.364236
0.0,0.0,2025-07-04T11:36:14.367227
0.0,0.0,2025-07-04T11:36:14.370082
0.0,0.0,2025-07-04T11:36:14.373158
0.0,0.0,2025-07-04T11:36:14.376202
0.0,0.0,2025-07-04T11:36:14.379184
0.0,0.0,2025-07-04T11:36:14.382187
0.0,0.0,2025-07-04T11:36:14.384971
0.0,0.0,2025-07-04T11:36:14.387992
0.0,0.0,2025-07-04T11:36:14.390133
0.0,0.0,2025-07-04T11:36:14.393151
0.0,0.0,2025-07-04T11:36:14.396151
0.0,0.0,2025-07-04T11:36:14.399147
0.0,0.0,2025-07-04T11:36:14.401924
0.0,0.0,2025-07-04T11:36:14.404948
0.0,0.0,2025-07-04T11:36:14.407911
0.0,0.0,2025-07-04T11:36:14.410117
0.0,0.0,2025-07-04T11:36:14.413104
0.0,0.0,2025-07-04T11:36:14.416098
0.0,0.0,2025-07-04T11:36:14.418909
0.0,0.0,2025-07-04T11:36:14.421901
0.0,0.0,2025-07-04T11:36:14.424863
0.0,0.0,2025-07-04T11:36:14.427037
0.0,0.0,2025-07-04T11:36:14.430063
0.0,0.0,2025-07-04T11:36:14.433053
0.0,0.0,2025-07-04T11:36:14.435864
0.0,0.0,2025-07-04T11:36:14.438853
0.0,0.0,2025-07-04T11:36:14.441918
0.0,0.0,2025-07-04T11:36:14.443814
0.0,0.0,2025-07-04T11:36:14.446017
0.0,0.0,2025-07-04T11:36:14.449007
0.0,0.0,2025-07-04T11:36:14.451791
0.0,0.0,2025-07-04T11:36:14.454815
0.0,0.0,2025-07-04T11:36:14.457992
0.0,0.0,2025-07-04T11:36:14.460947
0.0,0.0,2025-07-04T11:36:14.463968
0.0,0.0,2025-07-04T11:36:14.466964
0.0,0.0,2025-07-04T11:36:14.469743
0.0,0.0,2025-07-04T11:36:14.472902
0.0,0.0,2025-07-04T11:36:14.475936
0.0,0.0,2025-07-04T11:36:14.478938
0.0,0.0,2025-07-04T11:36:14.481921
0.0,0.0,2025-07-04T11:36:14.484702
0.0,0.0,2025-07-04T11:36:14.488692
0.0,0.0,2025-07-04T11:36:14.491687
0.0,0.0,2025-07-04T11:36:14.495821
0.0,0.0,2025-07-04T11:36:14.499833
0.0,0.0,2025-07-04T11:36:14.504652
0.0,0.0,2025-07-04T11:36:14.508672
0.0,0.0,2025-07-04T11:36:14.511770
0.0,0.0,2025-07-04T11:36:14.514801
0.0,0.0,2025-07-04T11:36:14.517804
0.0,0.0,2025-07-04T11:36:14.521633
0.0,0.0,2025-07-04T11:36:14.524600
0.0,0.0,2025-07-04T11:36:14.526797
0.0,0.0,2025-07-04T11:36:14.529796
0.0,0.0,2025-07-04T11:36:14.532784
0.0,0.0,2025-07-04T11:36:14.535567
0.0,0.0,2025-07-04T11:36:14.537652
0.0,0.0,2025-07-04T11:36:14.540712
0.0,0.0,2025-07-04T11:36:14.543758
0.0,0.0,2025-07-04T11:36:14.546737
0.0,0.0,2025-07-04T11:36:14.549739
0.0,0.0,2025-07-04T11:36:14.552523
0.0,0.0,2025-07-04T11:36:14.554604
0.0,0.0,2025-07-04T11:36:14.556539
0.0,0.0,2025-07-04T11:36:14.558691
0.0,0.0,2025-07-04T11:36:14.561721
0.0,0.0,2025-07-04T11:36:14.564704
0.0,0.0,2025-07-04T11:36:14.567691
0.0,0.0,2025-07-04T11:36:14.570563
0.0,0.0,2025-07-04T11:36:14.573620
0.0,0.0,2025-07-04T11:36:14.576672
0.0,0.0,2025-07-04T11:36:14.579661
0.0,0.0,2025-07-04T11:36:14.582628
0.0,0.0,2025-07-04T11:36:14.585464
0.0,0.0,2025-07-04T11:36:14.588453
0.0,0.0,2025-07-04T11:36:14.591636
0.0,0.0,2025-07-04T11:36:14.594617
0.0,0.0,2025-07-04T11:36:14.597616
0.0,0.0,2025-07-04T11:36:14.600606
0.0,0.0,2025-07-04T11:36:14.603386
0.0,0.0,2025-07-04T11:36:14.606539
0.0,0.0,2025-07-04T11:36:14.609585
0.0,0.0,2025-07-04T11:36:14.612571
0.0,0.0,2025-07-04T11:36:14.615564
0.0,0.0,2025-07-04T11:36:14.618347
0.0,0.0,2025-07-04T11:36:14.621365
0.0,0.0,2025-07-04T11:36:14.624547
0.0,0.0,2025-07-04T11:36:14.627484
0.0,0.0,2025-07-04T11:36:14.630524
0.0,0.0,2025-07-04T11:36:14.633516
0.0,0.0,2025-07-04T11:36:14.636298
0.0,0.0,2025-07-04T11:36:14.639441
0.0,0.0,2025-07-04T11:36:14.642496
0.0,0.0,2025-07-04T11:36:14.645463
0.0,0.0,2025-07-04T11:36:14.648475
0.0,0.0,2025-07-04T11:36:14.651312
0.0,0.0,2025-07-04T11:36:14.654250
0.0,0.0,2025-07-04T11:36:14.657348
0.0,0.0,2025-07-04T11:36:14.659439
0.0,0.0,2025-07-04T11:36:14.662440
0.0,0.0,2025-07-04T11:36:14.665431
0.0,0.0,2025-07-04T11:36:14.668214
0.0,0.0,2025-07-04T11:36:14.671206
0.0,0.0,2025-07-04T11:36:14.673363
0.0,0.0,2025-07-04T11:36:14.676391
0.0,0.0,2025-07-04T11:36:14.679393
0.0,0.0,2025-07-04T11:36:14.682398
0.0,0.0,2025-07-04T11:36:14.685167
0.0,0.0,2025-07-04T11:36:14.688190
0.0,0.0,2025-07-04T11:36:14.691350
0.0,0.0,2025-07-04T11:36:14.694320
0.0,0.0,2025-07-04T11:36:14.697342
0.0,0.0,2025-07-04T11:36:14.700334
0.0,0.0,2025-07-04T11:36:14.703120
0.0,0.0,2025-07-04T11:36:14.706270
0.0,0.0,2025-07-04T11:36:14.709309
0.0,0.0,2025-07-04T11:36:14.712303
0.0,0.0,2025-07-04T11:36:14.715279
0.0,0.0,2025-07-04T11:36:14.718079
0.0,0.0,2025-07-04T11:36:14.722068
0.0,0.0,2025-07-04T11:36:14.725064
0.0,0.0,2025-07-04T11:36:14.727085
0.0,0.0,2025-07-04T11:36:14.729262
0.0,0.0,2025-07-04T11:36:14.732257
0.0,0.0,2025-07-04T11:36:14.735037
0.0,0.0,2025-07-04T11:36:14.738054
0.0,0.0,2025-07-04T11:36:14.741122
0.0,0.0,2025-07-04T11:36:14.743223
0.0,0.0,2025-07-04T11:36:14.746211
0.0,0.0,2025-07-04T11:36:14.749208
0.0,0.0,2025-07-04T11:36:14.752021
0.0,0.0,2025-07-04T11:36:14.755009
0.0,0.0,2025-07-04T11:36:14.757977
0.0,0.0,2025-07-04T11:36:14.760190
0.0,0.0,2025-07-04T11:36:14.763153
0.0,0.0,2025-07-04T11:36:14.766162
0.0,0.0,2025-07-04T11:36:14.768977
0.0,0.0,2025-07-04T11:36:14.772959
0.0,0.0,2025-07-04T11:36:14.774955
0.0,0.0,2025-07-04T11:36:14.778079
0.0,0.0,2025-07-04T11:36:14.781126
0.0,0.0,2025-07-04T11:36:14.784109
0.0,0.0,2025-07-04T11:36:14.786896
0.0,0.0,2025-07-04T11:36:14.788918
0.0,0.0,2025-07-04T11:36:14.791075
0.0,0.0,2025-07-04T11:36:14.793877
0.0,0.0,2025-07-04T11:36:14.796084
0.0,0.0,2025-07-04T11:36:14.799079
0.0,0.0,2025-07-04T11:36:14.801890
0.0,0.0,2025-07-04T11:36:14.804879
0.0,0.0,2025-07-04T11:36:14.808040
0.0,0.0,2025-07-04T11:36:14.811016
0.0,0.0,2025-07-04T11:36:14.814033
0.0,0.0,2025-07-04T11:36:14.817034
0.0,0.0,2025-07-04T11:36:14.819808
0.0,0.0,2025-07-04T11:36:14.821831
0.0,0.0,2025-07-04T11:36:14.823985
0.0,0.0,2025-07-04T11:36:14.826998
0.0,0.0,2025-07-04T11:36:14.829993
0.0,0.0,2025-07-04T11:36:14.832774
0.0,0.0,2025-07-04T11:36:14.835766
0.0,0.0,2025-07-04T11:36:14.838785
0.0,0.0,2025-07-04T11:36:14.841845
0.0,0.0,2025-07-04T11:36:14.843869
0.0,0.0,2025-07-04T11:36:14.846078
0.0,0.0,2025-07-04T11:36:14.849044
0.0,0.0,2025-07-04T11:36:14.851851
0.0,0.0,2025-07-04T11:36:14.854876
0.0,0.0,2025-07-04T11:36:14.858053
0.0,0.0,2025-07-04T11:36:14.861020
0.0,0.0,2025-07-04T11:36:14.864028
0.0,0.0,2025-07-04T11:36:14.867027
0.0,0.0,2025-07-04T11:36:14.869803
0.0,0.0,2025-07-04T11:36:14.871828
0.0,0.0,2025-07-04T11:36:14.875006
0.0,0.0,2025-07-04T11:36:14.877988
0.0,0.0,2025-07-04T11:36:14.880785
0.0,0.0,2025-07-04T11:36:14.883875
0.0,0.0,2025-07-04T11:36:14.886758
0.0,0.0,2025-07-04T11:36:14.888781
0.0,0.0,2025-07-04T11:36:14.891958
0.0,0.0,2025-07-04T11:36:14.894962
0.0,0.0,2025-07-04T11:36:14.897933
0.0,0.0,2025-07-04T11:36:14.900935
0.0,0.0,2025-07-04T11:36:14.903803
0.0,0.0,2025-07-04T11:36:14.906862
0.0,0.0,2025-07-04T11:36:14.909906
0.0,0.0,2025-07-04T11:36:14.912890
0.0,0.0,2025-07-04T11:36:14.915902
0.0,0.0,2025-07-04T11:36:14.918703
0.0,0.0,2025-07-04T11:36:14.921692
0.0,0.0,2025-07-04T11:36:14.924873
0.0,0.0,2025-07-04T11:36:14.927851
0.0,0.0,2025-07-04T11:36:14.930852
0.0,0.0,2025-07-04T11:36:14.933844
0.0,0.0,2025-07-04T11:36:14.936625
0.0,0.0,2025-07-04T11:36:14.939778
0.0,0.0,2025-07-04T11:36:14.942818
0.0,0.0,2025-07-04T11:36:14.945816
0.0,0.0,2025-07-04T11:36:14.948809
0.0,0.0,2025-07-04T11:36:14.951589
0.0,0.0,2025-07-04T11:36:14.954608
0.0,0.0,2025-07-04T11:36:14.957572
0.0,0.0,2025-07-04T11:36:14.959780
0.0,0.0,2025-07-04T11:36:14.962755
0.0,0.0,2025-07-04T11:36:14.965758
0.0,0.0,2025-07-04T11:36:14.968539
0.0,0.0,2025-07-04T11:36:14.971559
0.0,0.0,2025-07-04T11:36:14.973704
0.0,0.0,2025-07-04T11:36:14.976716
0.0,0.0,2025-07-04T11:36:14.979720
0.0,0.0,2025-07-04T11:36:14.982713
0.0,0.0,2025-07-04T11:36:14.985525
0.0,0.0,2025-07-04T11:36:14.988517
0.0,0.0,2025-07-04T11:36:14.991697
0.0,0.0,2025-07-04T11:36:14.994681
0.0,0.0,2025-07-04T11:36:14.997677
0.0,0.0,2025-07-04T11:36:15.000484
0.0,0.0,2025-07-04T11:36:15.002477
0.0,0.0,2025-07-04T11:36:15.005468
0.0,0.0,2025-07-04T11:36:15.007624
0.0,0.0,2025-07-04T11:36:15.010456
0.0,0.0,2025-07-04T11:36:15.012639
0.0,0.0,2025-07-04T11:36:15.015624
0.0,0.0,2025-07-04T11:36:15.018408
0.0,0.0,2025-07-04T11:36:15.021431
0.0,0.0,2025-07-04T11:36:15.024395
0.0,0.0,2025-07-04T11:36:15.026390
0.0,0.0,2025-07-04T11:36:15.028595
0.0,0.0,2025-07-04T11:36:15.031583
0.0,0.0,2025-07-04T11:36:15.034573
0.0,0.0,2025-07-04T11:36:15.037381
0.0,0.0,2025-07-04T11:36:15.039381
0.0,0.0,2025-07-04T11:36:15.041531
0.0,0.0,2025-07-04T11:36:15.044538
0.0,0.0,2025-07-04T11:36:15.047538
0.0,0.0,2025-07-04T11:36:15.050539
0.0,0.0,2025-07-04T11:36:15.053313
0.0,0.0,2025-07-04T11:36:15.055336
0.0,0.0,2025-07-04T11:36:15.057492
0.0,0.0,2025-07-04T11:36:15.060465
0.0,0.0,2025-07-04T11:36:15.063498
0.0,0.0,2025-07-04T11:36:15.066487
0.0,0.0,2025-07-04T11:36:15.069272
0.0,0.0,2025-07-04T11:36:15.072293
0.0,0.0,2025-07-04T11:36:15.074453
0.0,0.0,2025-07-04T11:36:15.077249
0.0,0.0,2025-07-04T11:36:15.080451
0.0,0.0,2025-07-04T11:36:15.083428
0.0,0.0,2025-07-04T11:36:15.086255
0.0,0.0,2025-07-04T11:36:15.089217
0.0,0.0,2025-07-04T11:36:15.091413
0.0,0.0,2025-07-04T11:36:15.094394
0.0,0.0,2025-07-04T11:36:15.097407
0.0,0.0,2025-07-04T11:36:15.100396
0.0,0.0,2025-07-04T11:36:15.103216
0.0,0.0,2025-07-04T11:36:15.106241
0.0,0.0,2025-07-04T11:36:15.108207
0.0,0.0,2025-07-04T11:36:15.110202
0.0,0.0,2025-07-04T11:36:15.112408
0.0,0.0,2025-07-04T11:36:15.114619
0.0,0.0,2025-07-04T11:36:15.117605
0.0,0.0,2025-07-04T11:36:15.120391
0.0,0.0,2025-07-04T11:36:15.122413
0.0,0.0,2025-07-04T11:36:15.125627
0.0,0.0,2025-07-04T11:36:15.127847
0.0,0.0,2025-07-04T11:36:15.130063
0.0,0.0,2025-07-04T11:36:15.133051
0.0,0.0,2025-07-04T11:36:15.135830
0.0,0.0,2025-07-04T11:36:15.138850
0.0,0.0,2025-07-04T11:36:15.141011
0.0,0.0,2025-07-04T11:36:15.143811
0.0,0.0,2025-07-04T11:36:15.146009
0.0,0.0,2025-07-04T11:36:15.149002
0.0,0.0,2025-07-04T11:36:15.151788
0.0,0.0,2025-07-04T11:36:15.154808
0.0,0.0,2025-07-04T11:36:15.157988
0.0,0.0,2025-07-04T11:36:15.160941
0.0,0.0,2025-07-04T11:36:15.163968
0.0,0.0,2025-07-04T11:36:15.166963
0.0,0.0,2025-07-04T11:36:15.169775
0.0,0.0,2025-07-04T11:36:15.171801
0.0,0.0,2025-07-04T11:36:15.174764
0.0,0.0,2025-07-04T11:36:15.176759
0.0,0.0,2025-07-04T11:36:15.178969
0.0,0.0,2025-07-04T11:36:15.181995
0.0,0.0,2025-07-04T11:36:15.184208
0.0,0.0,2025-07-04T11:36:15.186986
0.0,0.0,2025-07-04T11:36:15.189008
0.0,0.0,2025-07-04T11:36:15.192186
0.0,0.0,2025-07-04T11:36:15.195170
0.0,0.0,2025-07-04T11:36:15.198166
0.0,0.0,2025-07-04T11:36:15.201162
0.0,0.0,2025-07-04T11:36:15.204001
0.0,0.0,2025-07-04T11:36:15.207094
0.0,0.0,2025-07-04T11:36:15.210133
0.0,0.0,2025-07-04T11:36:15.213123
0.0,0.0,2025-07-04T11:36:15.216119
0.0,0.0,2025-07-04T11:36:15.218931
0.0,0.0,2025-07-04T11:36:15.222889
0.0,0.0,2025-07-04T11:36:15.224907
0.0,0.0,2025-07-04T11:36:15.227876
0.0,0.0,2025-07-04T11:36:15.229970
0.0,0.0,2025-07-04T11:36:15.232086
0.0,0.0,2025-07-04T11:36:15.234858
0.0,0.0,2025-07-04T11:36:15.237878
0.0,0.0,2025-07-04T11:36:15.240845
0.0,0.0,2025-07-04T11:36:15.243045
0.0,0.0,2025-07-04T11:36:15.246044
0.0,0.0,2025-07-04T11:36:15.249035
0.0,0.0,2025-07-04T11:36:15.251816
0.0,0.0,2025-07-04T11:36:15.254832
0.0,0.0,2025-07-04T11:36:15.257800
0.0,0.0,2025-07-04T11:36:15.259994
0.0,0.0,2025-07-04T11:36:15.262998
0.0,0.0,2025-07-04T11:36:15.265985
0.0,0.0,2025-07-04T11:36:15.268768
0.0,0.0,2025-07-04T11:36:15.271787
0.0,0.0,2025-07-04T11:36:15.274974
0.0,0.0,2025-07-04T11:36:15.277952
0.0,0.0,2025-07-04T11:36:15.280946
0.0,0.0,2025-07-04T11:36:15.283936
0.0,0.0,2025-07-04T11:36:15.286754
0.0,0.0,2025-07-04T11:36:15.290708
0.0,0.0,2025-07-04T11:36:15.293700
0.0,0.0,2025-07-04T11:36:15.295699
0.0,0.0,2025-07-04T11:36:15.297694
0.0,0.0,2025-07-04T11:36:15.299905
0.0,0.0,2025-07-04T11:36:15.302677
0.0,0.0,2025-07-04T11:36:15.305697
0.0,0.0,2025-07-04T11:36:15.308874
0.0,0.0,2025-07-04T11:36:15.311865
0.0,0.0,2025-07-04T11:36:15.314858
0.0,0.0,2025-07-04T11:36:15.317846
0.0,0.0,2025-07-04T11:36:15.320629
0.0,0.0,2025-07-04T11:36:15.322624
0.0,0.0,2025-07-04T11:36:15.324804
0.0,0.0,2025-07-04T11:36:15.327809
0.0,0.0,2025-07-04T11:36:15.330811
0.0,0.0,2025-07-04T11:36:15.333807
0.0,0.0,2025-07-04T11:36:15.336587
0.0,0.0,2025-07-04T11:36:15.339579
0.0,0.0,2025-07-04T11:36:15.342571
0.0,0.0,2025-07-04T11:36:15.345669
0.0,0.0,2025-07-04T11:36:15.347668
0.0,0.0,2025-07-04T11:36:15.349770
0.0,0.0,2025-07-04T11:36:15.352576
0.0,0.0,2025-07-04T11:36:15.355564
0.0,0.0,2025-07-04T11:36:15.358528
0.0,0.0,2025-07-04T11:36:15.360522
0.0,0.0,2025-07-04T11:36:15.362719
0.0,0.0,2025-07-04T11:36:15.365722
0.0,0.0,2025-07-04T11:36:15.368503
0.0,0.0,2025-07-04T11:36:15.371521
0.0,0.0,2025-07-04T11:36:15.375505
0.0,0.0,2025-07-04T11:36:15.378478
0.0,0.0,2025-07-04T11:36:15.380473
0.0,0.0,2025-07-04T11:36:15.382651
0.0,0.0,2025-07-04T11:36:15.385484
0.0,0.0,2025-07-04T11:36:15.388476
0.0,0.0,2025-07-04T11:36:15.391657
0.0,0.0,2025-07-04T11:36:15.394644
0.0,0.0,2025-07-04T11:36:15.397587
0.0,0.0,2025-07-04T11:36:15.400617
0.0,0.0,2025-07-04T11:36:15.403408
0.0,0.0,2025-07-04T11:36:15.405430
0.0,0.0,2025-07-04T11:36:15.407588
0.0,0.0,2025-07-04T11:36:15.410464
0.0,0.0,2025-07-04T11:36:15.412591
0.0,0.0,2025-07-04T11:36:15.415380
0.0,0.0,2025-07-04T11:36:15.418370
0.0,0.0,2025-07-04T11:36:15.422357
0.0,0.0,2025-07-04T11:36:15.425377
0.0,0.0,2025-07-04T11:36:15.428344
0.0,0.0,2025-07-04T11:36:15.430339
0.0,0.0,2025-07-04T11:36:15.432529
0.0,0.0,2025-07-04T11:36:15.435352
0.0,0.0,2025-07-04T11:36:15.438314
0.0,0.0,2025-07-04T11:36:15.441408
0.0,0.0,2025-07-04T11:36:15.443399
0.0,0.0,2025-07-04T11:36:15.445404
0.0,0.0,2025-07-04T11:36:15.447397
0.0,0.0,2025-07-04T11:36:15.449509
0.0,0.0,2025-07-04T11:36:15.452307
0.0,0.0,2025-07-04T11:36:15.455298
0.0,0.0,2025-07-04T11:36:15.458479
0.0,0.0,2025-07-04T11:36:15.461461
0.0,0.0,2025-07-04T11:36:15.464457
0.0,0.0,2025-07-04T11:36:15.467435
0.0,0.0,2025-07-04T11:36:15.470229
0.0,0.0,2025-07-04T11:36:15.472252
0.0,0.0,2025-07-04T11:36:15.475216
0.0,0.0,2025-07-04T11:36:15.477210
0.0,0.0,2025-07-04T11:36:15.479425
0.0,0.0,2025-07-04T11:36:15.482412
0.0,0.0,2025-07-04T11:36:15.485189
0.0,0.0,2025-07-04T11:36:15.488209
0.0,0.0,2025-07-04T11:36:15.491275
0.0,0.0,2025-07-04T11:36:15.493387
0.0,0.0,2025-07-04T11:36:15.496372
0.0,0.0,2025-07-04T11:36:15.499348
0.0,0.0,2025-07-04T11:36:15.502174
0.0,0.0,2025-07-04T11:36:15.505164
0.0,0.0,2025-07-04T11:36:15.508132
0.0,0.0,2025-07-04T11:36:15.510332
0.0,0.0,2025-07-04T11:36:15.513323
0.0,0.0,2025-07-04T11:36:15.516317
0.0,0.0,2025-07-04T11:36:15.519130
0.0,0.0,2025-07-04T11:36:15.523088
0.0,0.0,2025-07-04T11:36:15.525108
0.0,0.0,2025-07-04T11:36:15.528074
0.0,0.0,2025-07-04T11:36:15.530171
0.0,0.0,2025-07-04T11:36:15.532169
0.0,0.0,2025-07-04T11:36:15.534164
0.0,0.0,2025-07-04T11:36:15.536082
0.0,0.0,2025-07-04T11:36:15.539073
0.0,0.0,2025-07-04T11:36:15.541238
0.0,0.0,2025-07-04T11:36:15.544193
0.0,0.0,2025-07-04T11:36:15.547218
0.0,0.0,2025-07-04T11:36:15.550231
0.0,0.0,2025-07-04T11:36:15.553009
0.0,0.0,2025-07-04T11:36:15.556172
0.0,0.0,2025-07-04T11:36:15.559203
0.0,0.0,2025-07-04T11:36:15.562195
0.0,0.0,2025-07-04T11:36:15.565190
0.0,0.0,2025-07-04T11:36:15.568002
0.0,0.0,2025-07-04T11:36:15.570960
0.0,0.0,2025-07-04T11:36:15.573957
0.0,0.0,2025-07-04T11:36:15.575952
0.0,0.0,2025-07-04T11:36:15.578139
0.0,0.0,2025-07-04T11:36:15.581143
0.0,0.0,2025-07-04T11:36:15.584141
0.0,0.0,2025-07-04T11:36:15.586918
0.0,0.0,2025-07-04T11:36:15.588940
0.0,0.0,2025-07-04T11:36:15.591932
0.0,0.0,2025-07-04T11:36:15.595056
0.0,0.0,2025-07-04T11:36:15.598097
0.0,0.0,2025-07-04T11:36:15.601090
0.0,0.0,2025-07-04T11:36:15.603959
0.0,0.0,2025-07-04T11:36:15.607021
0.0,0.0,2025-07-04T11:36:15.610075
0.0,0.0,2025-07-04T11:36:15.613058
0.0,0.0,2025-07-04T11:36:15.616051
0.0,0.0,2025-07-04T11:36:15.618866
0.0,0.0,2025-07-04T11:36:15.621852
0.0,0.0,2025-07-04T11:36:15.624844
0.0,0.0,2025-07-04T11:36:15.627808
0.0,0.0,2025-07-04T11:36:15.630019
0.0,0.0,2025-07-04T11:36:15.633006
0.0,0.0,2025-07-04T11:36:15.635817
0.0,0.0,2025-07-04T11:36:15.638808
0.0,0.0,2025-07-04T11:36:15.641990
0.0,0.0,2025-07-04T11:36:15.644981
0.0,0.0,2025-07-04T11:36:15.647968
0.0,0.0,2025-07-04T11:36:15.650956
0.0,0.0,2025-07-04T11:36:15.653740
0.0,0.0,2025-07-04T11:36:15.655763
0.0,0.0,2025-07-04T11:36:15.657916
0.0,0.0,2025-07-04T11:36:15.660886
0.0,0.0,2025-07-04T11:36:15.663925
0.0,0.0,2025-07-04T11:36:15.666914
0.0,0.0,2025-07-04T11:36:15.669697
0.0,0.0,2025-07-04T11:36:15.672729
0.0,0.0,2025-07-04T11:36:15.674711
0.0,0.0,2025-07-04T11:36:15.676705
0.0,0.0,2025-07-04T11:36:15.678782
0.0,0.0,2025-07-04T11:36:15.680778
0.0,0.0,2025-07-04T11:36:15.682878
0.0,0.0,2025-07-04T11:36:15.685688
0.0,0.0,2025-07-04T11:36:15.688674
0.0,0.0,2025-07-04T11:36:15.691772
0.0,0.0,2025-07-04T11:36:15.693800
0.0,0.0,2025-07-04T11:36:15.695995
0.0,0.0,2025-07-04T11:36:15.698999
0.0,0.0,2025-07-04T11:36:15.701785
0.0,0.0,2025-07-04T11:36:15.704802
0.0,0.0,2025-07-04T11:36:15.707976
0.0,0.0,2025-07-04T11:36:15.710939
0.0,0.0,2025-07-04T11:36:15.713959
0.0,0.0,2025-07-04T11:36:15.716950
0.0,0.0,2025-07-04T11:36:15.719766
0.0,0.0,2025-07-04T11:36:15.721793
0.0,0.0,2025-07-04T11:36:15.723979
0.0,0.0,2025-07-04T11:36:15.726198
0.0,0.0,2025-07-04T11:36:15.729184
0.0,0.0,2025-07-04T11:36:15.732165
0.0,0.0,2025-07-04T11:36:15.734954
0.0,0.0,2025-07-04T11:36:15.738942
0.0,0.0,2025-07-04T11:36:15.741934
0.0,0.0,2025-07-04T11:36:15.744930
0.0,0.0,2025-07-04T11:36:15.746926
0.0,0.0,2025-07-04T11:36:15.751079
0.0,0.0,2025-07-04T11:36:15.756898
0.0,0.0,2025-07-04T11:36:15.762044
0.0,0.0,2025-07-04T11:36:15.766041
0.0,0.0,2025-07-04T11:36:15.769901
0.0,0.0,2025-07-04T11:36:15.773881
0.0,0.0,2025-07-04T11:36:15.779867
0.0,0.0,2025-07-04T11:36:15.783859
0.0,0.0,2025-07-04T11:36:15.787959
0.0,0.0,2025-07-04T11:36:15.791976
0.0,0.0,2025-07-04T11:36:15.795961
0.0,0.0,2025-07-04T11:36:15.798952
0.0,0.0,2025-07-04T11:36:15.801777
0.0,0.0,2025-07-04T11:36:15.804811
0.0,0.0,2025-07-04T11:36:15.807788
0.0,0.0,2025-07-04T11:36:15.810890
0.0,0.0,2025-07-04T11:36:15.813928
0.0,0.0,2025-07-04T11:36:15.816929
0.0,0.0,2025-07-04T11:36:15.819728
0.0,0.0,2025-07-04T11:36:15.822821
0.0,0.0,2025-07-04T11:36:15.825919
0.0,0.0,2025-07-04T11:36:15.828911
0.0,0.0,2025-07-04T11:36:15.831898
0.0,0.0,2025-07-04T11:36:15.834690
0.0,0.0,2025-07-04T11:36:15.837679
0.0,0.0,2025-07-04T11:36:15.840701
0.0,0.0,2025-07-04T11:36:15.842693
0.0,0.0,2025-07-04T11:36:15.845817
0.0,0.0,2025-07-04T11:36:15.848852
0.0,0.0,2025-07-04T11:36:15.851643
0.0,0.0,2025-07-04T11:36:15.854633
0.0,0.0,2025-07-04T11:36:15.857824
0.0,0.0,2025-07-04T11:36:15.860617
0.0,0.0,2025-07-04T11:36:15.862817
0.0,0.0,2025-07-04T11:36:15.865817
0.0,0.0,2025-07-04T11:36:15.868627
0.0,0.0,2025-07-04T11:36:15.871616
0.0,0.0,2025-07-04T11:36:15.874689
0.0,0.0,2025-07-04T11:36:15.876789
0.0,0.0,2025-07-04T11:36:15.879777
0.0,0.0,2025-07-04T11:36:15.882770
0.0,0.0,2025-07-04T11:36:15.885582
0.0,0.0,2025-07-04T11:36:15.889540
0.0,0.0,2025-07-04T11:36:15.892532
0.0,0.0,2025-07-04T11:36:15.895528
0.0,0.0,2025-07-04T11:36:15.897523
0.0,0.0,2025-07-04T11:36:15.900676
0.0,0.0,2025-07-04T11:36:15.906495
0.0,0.0,2025-07-04T11:36:15.909547
0.0,0.0,2025-07-04T11:36:15.912657
0.0,0.0,2025-07-04T11:36:15.915650
0.0,0.0,2025-07-04T11:36:15.918468
0.0,0.0,2025-07-04T11:36:15.921456
0.0,0.0,2025-07-04T11:36:15.924451
0.0,0.0,2025-07-04T11:36:15.926657
0.0,0.0,2025-07-04T11:36:15.929642
0.0,0.0,2025-07-04T11:36:15.932640
0.0,0.0,2025-07-04T11:36:15.935449
0.0,0.0,2025-07-04T11:36:15.938438
0.0,0.0,2025-07-04T11:36:15.941433
0.0,0.0,2025-07-04T11:36:15.943424
0.0,0.0,2025-07-04T11:36:15.945598
0.0,0.0,2025-07-04T11:36:15.948598
0.0,0.0,2025-07-04T11:36:15.951380
0.0,0.0,2025-07-04T11:36:15.955363
0.0,0.0,2025-07-04T11:36:15.958455
0.0,0.0,2025-07-04T11:36:15.960456
0.0,0.0,2025-07-04T11:36:15.962675
0.0,0.0,2025-07-04T11:36:15.965447
0.0,0.0,2025-07-04T11:36:15.968438
0.0,0.0,2025-07-04T11:36:15.970520
0.0,0.0,2025-07-04T11:36:15.973430
0.0,0.0,2025-07-04T11:36:15.975448
0.0,0.0,2025-07-04T11:36:15.978609
0.0,0.0,2025-07-04T11:36:15.981606
0.0,0.0,2025-07-04T11:36:15.984605
0.0,0.0,2025-07-04T11:36:15.987388
0.0,0.0,2025-07-04T11:36:15.990541
0.0,0.0,2025-07-04T11:36:15.993585
0.0,0.0,2025-07-04T11:36:15.996364
0.0,0.0,2025-07-04T11:36:15.998470
0.0,0.0,2025-07-04T11:36:16.001350
0.0,0.0,2025-07-04T11:36:16.004344
0.0,0.0,2025-07-04T11:36:16.007334
0.0,0.0,2025-07-04T11:36:16.009546
0.0,0.0,2025-07-04T11:36:16.012322
0.0,0.0,2025-07-04T11:36:16.014536
0.0,0.0,2025-07-04T11:36:16.017519
0.0,0.0,2025-07-04T11:36:16.021297
0.0,0.0,2025-07-04T11:36:16.024288
0.0,0.0,2025-07-04T11:36:16.026312
0.0,0.0,2025-07-04T11:36:16.029387
0.0,0.0,2025-07-04T11:36:16.031378
0.0,0.0,2025-07-04T11:36:16.033375
0.0,0.0,2025-07-04T11:36:16.035263
0.0,0.0,2025-07-04T11:36:16.038280
0.0,0.0,2025-07-04T11:36:16.041247
0.0,0.0,2025-07-04T11:36:16.043372
0.0,0.0,2025-07-04T11:36:16.046442
0.0,0.0,2025-07-04T11:36:16.049434
0.0,0.0,2025-07-04T11:36:16.052215
0.0,0.0,2025-07-04T11:36:16.055241
0.0,0.0,2025-07-04T11:36:16.058300
0.0,0.0,2025-07-04T11:36:16.060193
0.0,0.0,2025-07-04T11:36:16.062405
0.0,0.0,2025-07-04T11:36:16.065391
0.0,0.0,2025-07-04T11:36:16.068173
0.0,0.0,2025-07-04T11:36:16.071192
0.0,0.0,2025-07-04T11:36:16.074185
0.0,0.0,2025-07-04T11:36:16.077147
0.0,0.0,2025-07-04T11:36:16.079146
0.0,0.0,2025-07-04T11:36:16.081142
0.0,0.0,2025-07-04T11:36:16.083329
0.0,0.0,2025-07-04T11:36:16.086125
0.0,0.0,2025-07-04T11:36:16.089144
0.0,0.0,2025-07-04T11:36:16.092107
0.0,0.0,2025-07-04T11:36:16.094107
0.0,0.0,2025-07-04T11:36:16.096099
0.0,0.0,2025-07-04T11:36:16.098210
0.0,0.0,2025-07-04T11:36:16.100087
0.0,0.0,2025-07-04T11:36:16.102081
0.0,0.0,2025-07-04T11:36:16.105105
0.0,0.0,2025-07-04T11:36:16.108065
0.0,0.0,2025-07-04T11:36:16.110064
0.0,0.0,2025-07-04T11:36:16.112060
0.0,0.0,2025-07-04T11:36:16.114268
0.0,0.0,2025-07-04T11:36:16.117239
0.0,0.0,2025-07-04T11:36:16.120033
0.0,0.0,2025-07-04T11:36:16.123053
0.0,0.0,2025-07-04T11:36:16.125183
0.0,0.0,2025-07-04T11:36:16.128230
0.0,0.0,2025-07-04T11:36:16.131186
0.0,0.0,2025-07-04T11:36:16.134208
0.0,0.0,2025-07-04T11:36:16.138984
0.0,0.0,2025-07-04T11:36:16.142002
0.0,0.0,2025-07-04T11:36:16.143997
0.0,0.0,2025-07-04T11:36:16.146106
0.0,0.0,2025-07-04T11:36:16.148103
0.0,0.0,2025-07-04T11:36:16.150206
0.0,0.0,2025-07-04T11:36:16.152094
0.0,0.0,2025-07-04T11:36:16.155085
0.0,0.0,2025-07-04T11:36:16.158117
0.0,0.0,2025-07-04T11:36:16.160238
0.0,0.0,2025-07-04T11:36:16.162220
0.0,0.0,2025-07-04T11:36:16.164109
0.0,0.0,2025-07-04T11:36:16.166215
0.0,0.0,2025-07-04T11:36:16.168100
0.0,0.0,2025-07-04T11:36:16.171091
0.0,0.0,2025-07-04T11:36:16.174106
0.0,0.0,2025-07-04T11:36:16.177074
0.0,0.0,2025-07-04T11:36:16.179171
0.0,0.0,2025-07-04T11:36:16.181177
0.0,0.0,2025-07-04T11:36:16.183171
0.0,0.0,2025-07-04T11:36:16.185063
0.0,0.0,2025-07-04T11:36:16.188070
0.0,0.0,2025-07-04T11:36:16.191041
0.0,0.0,2025-07-04T11:36:16.193137
0.0,0.0,2025-07-04T11:36:16.195229
0.0,0.0,2025-07-04T11:36:16.198227
0.0,0.0,2025-07-04T11:36:16.201248
0.0,0.0,2025-07-04T11:36:16.205028
0.0,0.0,2025-07-04T11:36:16.207996
0.0,0.0,2025-07-04T11:36:16.210204
0.0,0.0,2025-07-04T11:36:16.213170
0.0,0.0,2025-07-04T11:36:16.216177
0.0,0.0,2025-07-04T11:36:16.218965
0.0,0.0,2025-07-04T11:36:16.222952
0.0,0.0,2025-07-04T11:36:16.225944
0.0,0.0,2025-07-04T11:36:16.228941
0.0,0.0,2025-07-04T11:36:16.230935
0.0,0.0,2025-07-04T11:36:16.232933
0.0,0.0,2025-07-04T11:36:16.234922
0.0,0.0,2025-07-04T11:36:16.237959
0.0,0.0,2025-07-04T11:36:16.241067
0.0,0.0,2025-07-04T11:36:16.243926
0.0,0.0,2025-07-04T11:36:16.246100
0.0,0.0,2025-07-04T11:36:16.249095
0.0,0.0,2025-07-04T11:36:16.251876
0.0,0.0,2025-07-04T11:36:16.254867
0.0,0.0,2025-07-04T11:36:16.257860
0.0,0.0,2025-07-04T11:36:16.260852
0.0,0.0,2025-07-04T11:36:16.262846
0.0,0.0,2025-07-04T11:36:16.264840
0.0,0.0,2025-07-04T11:36:16.266835
0.0,0.0,2025-07-04T11:36:16.268831
0.0,0.0,2025-07-04T11:36:16.271822
0.0,0.0,2025-07-04T11:36:16.274818
0.0,0.0,2025-07-04T11:36:16.276808
0.0,0.0,2025-07-04T11:36:16.278807
0.0,0.0,2025-07-04T11:36:16.280803
0.0,0.0,2025-07-04T11:36:16.283005
0.0,0.0,2025-07-04T11:36:16.285784
0.0,0.0,2025-07-04T11:36:16.288779
0.0,0.0,2025-07-04T11:36:16.291770
0.0,0.0,2025-07-04T11:36:16.295759
0.0,0.0,2025-07-04T11:36:16.297848
0.0,0.0,2025-07-04T11:36:16.300744
0.0,0.0,2025-07-04T11:36:16.303738
0.0,0.0,2025-07-04T11:36:16.306730
0.0,0.0,2025-07-04T11:36:16.309720
0.0,0.0,2025-07-04T11:36:16.311829
0.0,0.0,2025-07-04T11:36:16.313823
0.0,0.0,2025-07-04T11:36:16.315705
0.0,0.0,2025-07-04T11:36:16.318697
0.0,0.0,2025-07-04T11:36:16.321331
0.0,0.0,2025-07-04T11:36:16.323872
0.0,0.0,2025-07-04T11:36:16.326147
0.0,0.0,2025-07-04T11:36:16.328274
0.0,0.0,2025-07-04T11:36:16.330970
0.0,0.0,2025-07-04T11:36:16.333968
0.0,0.0,2025-07-04T11:36:16.336775
0.0,0.0,2025-07-04T11:36:16.339709
0.0,0.0,2025-07-04T11:36:16.342141
0.0,0.0,2025-07-04T11:36:16.345866
0.0,0.0,2025-07-04T11:36:16.348659
0.0,0.0,2025-07-04T11:36:16.350855
0.0,0.0,2025-07-04T11:36:16.354678
0.0,0.0,2025-07-04T11:36:16.357639
0.0,0.0,2025-07-04T11:36:16.359635
0.0,0.0,2025-07-04T11:36:16.361625
0.0,0.0,2025-07-04T11:36:16.364617
0.0,0.0,2025-07-04T11:36:16.367632
0.0,0.0,2025-07-04T11:36:16.370604
0.0,0.0,2025-07-04T11:36:16.373597
0.0,0.0,2025-07-04T11:36:16.377589
0.0,0.0,2025-07-04T11:36:16.381576
0.0,0.0,2025-07-04T11:36:16.386559
0.0,0.0,2025-07-04T11:36:16.390717
0.0,0.0,2025-07-04T11:36:16.393720
0.0,0.0,2025-07-04T11:36:16.396533
0.0,0.0,2025-07-04T11:36:16.399523
0.0,0.0,2025-07-04T11:36:16.401518
0.0,0.0,2025-07-04T11:36:16.403513
0.0,0.0,2025-07-04T11:36:16.406532
0.0,0.0,2025-07-04T11:36:16.408528
0.0,0.0,2025-07-04T11:36:16.410494
0.0,0.0,2025-07-04T11:36:16.412489
0.0,0.0,2025-07-04T11:36:16.414590
0.0,0.0,2025-07-04T11:36:16.416640
0.0,0.0,2025-07-04T11:36:16.419471
0.0,0.0,2025-07-04T11:36:16.422492
0.0,0.0,2025-07-04T11:36:16.424655
0.0,0.0,2025-07-04T11:36:16.427449
0.0,0.0,2025-07-04T11:36:16.430469
0.0,0.0,2025-07-04T11:36:16.433644
0.0,0.0,2025-07-04T11:36:16.436432
0.0,0.0,2025-07-04T11:36:16.439440
0.0,0.0,2025-07-04T11:36:16.442433
0.0,0.0,2025-07-04T11:36:16.444405
0.0,0.0,2025-07-04T11:36:16.447614
0.0,0.0,2025-07-04T11:36:16.450388
0.0,0.0,2025-07-04T11:36:16.453381
0.0,0.0,2025-07-04T11:36:16.456485
0.0,0.0,2025-07-04T11:36:16.458563
0.0,0.0,2025-07-04T11:36:16.461359
0.0,0.0,2025-07-04T11:36:16.463420
0.0,0.0,2025-07-04T11:36:16.465376
0.0,0.0,2025-07-04T11:36:16.468342
0.0,0.0,2025-07-04T11:36:16.472328
0.0,0.0,2025-07-04T11:36:16.475323
0.0,0.0,2025-07-04T11:36:16.477350
0.0,0.0,2025-07-04T11:36:16.479497
0.0,0.0,2025-07-04T11:36:16.482487
0.0,0.0,2025-07-04T11:36:16.485294
0.0,0.0,2025-07-04T11:36:16.488317
0.0,0.0,2025-07-04T11:36:16.491279
0.0,0.0,2025-07-04T11:36:16.494276
0.0,0.0,2025-07-04T11:36:16.497267
0.0,0.0,2025-07-04T11:36:16.499379
0.0,0.0,2025-07-04T11:36:16.502250
0.0,0.0,2025-07-04T11:36:16.505244
0.0,0.0,2025-07-04T11:36:16.508233
0.0,0.0,2025-07-04T11:36:16.510342
0.0,0.0,2025-07-04T11:36:16.512412
0.0,0.0,2025-07-04T11:36:16.515377
0.0,0.0,2025-07-04T11:36:16.518208
0.0,0.0,2025-07-04T11:36:16.521199
0.0,0.0,2025-07-04T11:36:16.524218
0.0,0.0,2025-07-04T11:36:16.526213
0.0,0.0,2025-07-04T11:36:16.528207
0.0,0.0,2025-07-04T11:36:16.530366
0.0,0.0,2025-07-04T11:36:16.533364
0.0,0.0,2025-07-04T11:36:16.536195
0.0,0.0,2025-07-04T11:36:16.539178
0.0,0.0,2025-07-04T11:36:16.541263
0.0,0.0,2025-07-04T11:36:16.543252
0.0,0.0,2025-07-04T11:36:16.545343
0.0,0.0,2025-07-04T11:36:16.548128
0.0,0.0,2025-07-04T11:36:16.550167
0.0,0.0,2025-07-04T11:36:16.552116
0.0,0.0,2025-07-04T11:36:16.555137
0.0,0.0,2025-07-04T11:36:16.558128
0.0,0.0,2025-07-04T11:36:16.561092
0.0,0.0,2025-07-04T11:36:16.563271
0.0,0.0,2025-07-04T11:36:16.566124
0.0,0.0,2025-07-04T11:36:16.568073
0.0,0.0,2025-07-04T11:36:16.571094
0.0,0.0,2025-07-04T11:36:16.574251
0.0,0.0,2025-07-04T11:36:16.577136
0.0,0.0,2025-07-04T11:36:16.579238
0.0,0.0,2025-07-04T11:36:16.582152
0.0,0.0,2025-07-04T11:36:16.584144
0.0,0.0,2025-07-04T11:36:16.587110
0.0,0.0,2025-07-04T11:36:16.590123
0.0,0.0,2025-07-04T11:36:16.593208
0.0,0.0,2025-07-04T11:36:16.596038
0.0,0.0,2025-07-04T11:36:16.598171
0.0,0.0,2025-07-04T11:36:16.600385
0.0,0.0,2025-07-04T11:36:16.603191
0.0,0.0,2025-07-04T11:36:16.606153
0.0,0.0,2025-07-04T11:36:16.608346
0.0,0.0,2025-07-04T11:36:16.611139
0.0,0.0,2025-07-04T11:36:16.613335
0.0,0.0,2025-07-04T11:36:16.616337
0.0,0.0,2025-07-04T11:36:16.619119
0.0,0.0,2025-07-04T11:36:16.622139
0.0,0.0,2025-07-04T11:36:16.625103
0.0,0.0,2025-07-04T11:36:16.628256
0.0,0.0,2025-07-04T11:36:16.631288
0.0,0.0,2025-07-04T11:36:16.634276
0.0,0.0,2025-07-04T11:36:16.637070
0.0,0.0,2025-07-04T11:36:16.640223
0.0,0.0,2025-07-04T11:36:16.643256
0.0,0.0,2025-07-04T11:36:16.646259
0.0,0.0,2025-07-04T11:36:16.649233
0.0,0.0,2025-07-04T11:36:16.652035
0.0,0.0,2025-07-04T11:36:16.655054
0.0,0.0,2025-07-04T11:36:16.658218
0.0,0.0,2025-07-04T11:36:16.661008
0.0,0.0,2025-07-04T11:36:16.663194
0.0,0.0,2025-07-04T11:36:16.666202
0.0,0.0,2025-07-04T11:36:16.668989
0.0,0.0,2025-07-04T11:36:16.672974
0.0,0.0,2025-07-04T11:36:16.675994
0.0,0.0,2025-07-04T11:36:16.679068
0.0,0.0,2025-07-04T11:36:16.681166
0.0,0.0,2025-07-04T11:36:16.684159
0.0,0.0,2025-07-04T11:36:16.686937
0.0,0.0,2025-07-04T11:36:16.688960
0.0,0.0,2025-07-04T11:36:16.692138
0.0,0.0,2025-07-04T11:36:16.695088
0.0,0.0,2025-07-04T11:36:16.698106
0.0,0.0,2025-07-04T11:36:16.701112
0.0,0.0,2025-07-04T11:36:16.704920
0.0,0.0,2025-07-04T11:36:16.707885
0.0,0.0,2025-07-04T11:36:16.710096
0.0,0.0,2025-07-04T11:36:16.713078
0.0,0.0,2025-07-04T11:36:16.716074
0.0,0.0,2025-07-04T11:36:16.718852
0.0,0.0,2025-07-04T11:36:16.721876
0.0,0.0,2025-07-04T11:36:16.725033
0.0,0.0,2025-07-04T11:36:16.727828
0.0,0.0,2025-07-04T11:36:16.730041
0.0,0.0,2025-07-04T11:36:16.733014
0.0,0.0,2025-07-04T11:36:16.735807
0.0,0.0,2025-07-04T11:36:16.739797
0.0,0.0,2025-07-04T11:36:16.741819
0.0,0.0,2025-07-04T11:36:16.744891
0.0,0.0,2025-07-04T11:36:16.746890
0.0,0.0,2025-07-04T11:36:16.748971
0.0,0.0,2025-07-04T11:36:16.751767
0.0,0.0,2025-07-04T11:36:16.754784
0.0,0.0,2025-07-04T11:36:16.757752
0.0,0.0,2025-07-04T11:36:16.759958
0.0,0.0,2025-07-04T11:36:16.762902
0.0,0.0,2025-07-04T11:36:16.765889
0.0,0.0,2025-07-04T11:36:16.768719
0.0,0.0,2025-07-04T11:36:16.771739
0.0,0.0,2025-07-04T11:36:16.774918
0.0,0.0,2025-07-04T11:36:16.777695
0.0,0.0,2025-07-04T11:36:16.779886
0.0,0.0,2025-07-04T11:36:16.782875
0.0,0.0,2025-07-04T11:36:16.785676
0.0,0.0,2025-07-04T11:36:16.788694
0.0,0.0,2025-07-04T11:36:16.791685
0.0,0.0,2025-07-04T11:36:16.794751
0.0,0.0,2025-07-04T11:36:16.797838
0.0,0.0,2025-07-04T11:36:16.800828
0.0,0.0,2025-07-04T11:36:16.804651
0.0,0.0,2025-07-04T11:36:16.807826
0.0,0.0,2025-07-04T11:36:16.810607
0.0,0.0,2025-07-04T11:36:16.812803
0.0,0.0,2025-07-04T11:36:16.815804
0.0,0.0,2025-07-04T11:36:16.818590
0.0,0.0,2025-07-04T11:36:16.821606
0.0,0.0,2025-07-04T11:36:16.824671
0.0,0.0,2025-07-04T11:36:16.826789
0.0,0.0,2025-07-04T11:36:16.829754
0.0,0.0,2025-07-04T11:36:16.832742
0.0,0.0,2025-07-04T11:36:16.835548
0.0,0.0,2025-07-04T11:36:16.838561
0.0,0.0,2025-07-04T11:36:16.841628
0.0,0.0,2025-07-04T11:36:16.843708
0.0,0.0,2025-07-04T11:36:16.846707
0.0,0.0,2025-07-04T11:36:16.849695
0.0,0.0,2025-07-04T11:36:16.852496
0.0,0.0,2025-07-04T11:36:16.855515
0.0,0.0,2025-07-04T11:36:16.858507
0.0,0.0,2025-07-04T11:36:16.860473
0.0,0.0,2025-07-04T11:36:16.862655
0.0,0.0,2025-07-04T11:36:16.865653
0.0,0.0,2025-07-04T11:36:16.868460
0.0,0.0,2025-07-04T11:36:16.871475
0.0,0.0,2025-07-04T11:36:16.874537
0.0,0.0,2025-07-04T11:36:16.876630
0.0,0.0,2025-07-04T11:36:16.879634
0.0,0.0,2025-07-04T11:36:16.882610
0.0,0.0,2025-07-04T11:36:16.885410
0.0,0.0,2025-07-04T11:36:16.888430
0.0,0.0,2025-07-04T11:36:16.891395
0.0,0.0,2025-07-04T11:36:16.893608
0.0,0.0,2025-07-04T11:36:16.896587
0.0,0.0,2025-07-04T11:36:16.899565
0.0,0.0,2025-07-04T11:36:16.902365
0.0,0.0,2025-07-04T11:36:16.905382
0.0,0.0,2025-07-04T11:36:16.908374
0.0,0.0,2025-07-04T11:36:16.911503
0.0,0.0,2025-07-04T11:36:16.914525
0.0,0.0,2025-07-04T11:36:16.917500
0.0,0.0,2025-07-04T11:36:16.920314
0.0,0.0,2025-07-04T11:36:16.923467
0.0,0.0,2025-07-04T11:36:16.926506
0.0,0.0,2025-07-04T11:36:16.929488
0.0,0.0,2025-07-04T11:36:16.932480
0.0,0.0,2025-07-04T11:36:16.935274
0.0,0.0,2025-07-04T11:36:16.938294
0.0,0.0,2025-07-04T11:36:16.941286
0.0,0.0,2025-07-04T11:36:16.943280
0.0,0.0,2025-07-04T11:36:16.945437
0.0,0.0,2025-07-04T11:36:16.948433
0.0,0.0,2025-07-04T11:36:16.951333
0.0,0.0,2025-07-04T11:36:16.955249
0.0,0.0,2025-07-04T11:36:16.958312
0.0,0.0,2025-07-04T11:36:16.960374
0.0,0.0,2025-07-04T11:36:16.962552
0.0,0.0,2025-07-04T11:36:16.964731
0.0,0.0,2025-07-04T11:36:16.967543
0.0,0.0,2025-07-04T11:36:16.970623
0.0,0.0,2025-07-04T11:36:16.973637
0.0,0.0,2025-07-04T11:36:16.975728
0.0,0.0,2025-07-04T11:36:16.978699
0.0,0.0,2025-07-04T11:36:16.981689
0.0,0.0,2025-07-04T11:36:16.984666
0.0,0.0,2025-07-04T11:36:16.987490
0.0,0.0,2025-07-04T11:36:16.991509
0.0,0.0,2025-07-04T11:36:16.993503
0.0,0.0,2025-07-04T11:36:16.995647
0.0,0.0,2025-07-04T11:36:16.998462
0.0,0.0,2025-07-04T11:36:17.001452
0.0,0.0,2025-07-04T11:36:17.004444
0.0,0.0,2025-07-04T11:36:17.007545
0.0,0.0,2025-07-04T11:36:17.009627
0.0,0.0,2025-07-04T11:36:17.012609
0.0,0.0,2025-07-04T11:36:17.015610
0.0,0.0,2025-07-04T11:36:17.018410
0.0,0.0,2025-07-04T11:36:17.021427
0.0,0.0,2025-07-04T11:36:17.024395
0.0,0.0,2025-07-04T11:36:17.026609
0.0,0.0,2025-07-04T11:36:17.029575
0.0,0.0,2025-07-04T11:36:17.032566
0.0,0.0,2025-07-04T11:36:17.035369
0.0,0.0,2025-07-04T11:36:17.038382
0.0,0.0,2025-07-04T11:36:17.041374
0.0,0.0,2025-07-04T11:36:17.044339
0.0,0.0,2025-07-04T11:36:17.046553
0.0,0.0,2025-07-04T11:36:17.049518
0.0,0.0,2025-07-04T11:36:17.052320
0.0,0.0,2025-07-04T11:36:17.055339
0.0,0.0,2025-07-04T11:36:17.058517
0.0,0.0,2025-07-04T11:36:17.061449
0.0,0.0,2025-07-04T11:36:17.064481
0.0,0.0,2025-07-04T11:36:17.067478
0.0,0.0,2025-07-04T11:36:17.070269
0.0,0.0,2025-07-04T11:36:17.072292
0.0,0.0,2025-07-04T11:36:17.075440
0.0,0.0,2025-07-04T11:36:17.078416
0.0,0.0,2025-07-04T11:36:17.081449
0.0,0.0,2025-07-04T11:36:17.084450
0.0,0.0,2025-07-04T11:36:17.087226
0.0,0.0,2025-07-04T11:36:17.090216
0.0,0.0,2025-07-04T11:36:17.092211
0.0,0.0,2025-07-04T11:36:17.094206
0.0,0.0,2025-07-04T11:36:17.096355
0.0,0.0,2025-07-04T11:36:17.099392
0.0,0.0,2025-07-04T11:36:17.102184
0.0,0.0,2025-07-04T11:36:17.104260
0.0,0.0,2025-07-04T11:36:17.107333
0.0,0.0,2025-07-04T11:36:17.110378
0.0,0.0,2025-07-04T11:36:17.113350
0.0,0.0,2025-07-04T11:36:17.116346
0.0,0.0,2025-07-04T11:36:17.119171
0.0,0.0,2025-07-04T11:36:17.122158
0.0,0.0,2025-07-04T11:36:17.125320
0.0,0.0,2025-07-04T11:36:17.128318
0.0,0.0,2025-07-04T11:36:17.131302
0.0,0.0,2025-07-04T11:36:17.134289
0.0,0.0,2025-07-04T11:36:17.137090
0.0,0.0,2025-07-04T11:36:17.140082
0.0,0.0,2025-07-04T11:36:17.142078
0.0,0.0,2025-07-04T11:36:17.145069
0.0,0.0,2025-07-04T11:36:17.147256
0.0,0.0,2025-07-04T11:36:17.150267
0.0,0.0,2025-07-04T11:36:17.153077
0.0,0.0,2025-07-04T11:36:17.156039
0.0,0.0,2025-07-04T11:36:17.158247
0.0,0.0,2025-07-04T11:36:17.161238
0.0,0.0,2025-07-04T11:36:17.164214
0.0,0.0,2025-07-04T11:36:17.167205
0.0,0.0,2025-07-04T11:36:17.170002
0.0,0.0,2025-07-04T11:36:17.172994
0.0,0.0,2025-07-04T11:36:17.175204
0.0,0.0,2025-07-04T11:36:17.178199
0.0,0.0,2025-07-04T11:36:17.181171
0.0,0.0,2025-07-04T11:36:17.184159
0.0,0.0,2025-07-04T11:36:17.186962
0.0,0.0,2025-07-04T11:36:17.189964
0.0,0.0,2025-07-04T11:36:17.192968
0.0,0.0,2025-07-04T11:36:17.196038
0.0,0.0,2025-07-04T11:36:17.198141
0.0,0.0,2025-07-04T11:36:17.201130
0.0,0.0,2025-07-04T11:36:17.203912
0.0,0.0,2025-07-04T11:36:17.205934
0.0,0.0,2025-07-04T11:36:17.208070
0.0,0.0,2025-07-04T11:36:17.211071
0.0,0.0,2025-07-04T11:36:17.214095
0.0,0.0,2025-07-04T11:36:17.217071
0.0,0.0,2025-07-04T11:36:17.220866
0.0,0.0,2025-07-04T11:36:17.223898
0.0,0.0,2025-07-04T11:36:17.225856
0.0,0.0,2025-07-04T11:36:17.230002
0.0,0.0,2025-07-04T11:36:17.233834
0.0,0.0,2025-07-04T11:36:17.237821
0.0,0.0,2025-07-04T11:36:17.240817
0.0,0.0,2025-07-04T11:36:17.244806
0.0,0.0,2025-07-04T11:36:17.249789
0.0,0.0,2025-07-04T11:36:17.253778
0.0,0.0,2025-07-04T11:36:17.256800
0.0,0.0,2025-07-04T11:36:17.259798
0.0,0.0,2025-07-04T11:36:17.262783
0.0,0.0,2025-07-04T11:36:17.265746
0.0,0.0,2025-07-04T11:36:17.268740
0.0,0.0,2025-07-04T11:36:17.271730
0.0,0.0,2025-07-04T11:36:17.273755
0.0,0.0,2025-07-04T11:36:17.275747
0.0,0.0,2025-07-04T11:36:17.277742
0.0,0.0,2025-07-04T11:36:17.279737
0.0,0.0,2025-07-04T11:36:17.281731
0.0,0.0,2025-07-04T11:36:17.283726
0.0,0.0,2025-07-04T11:36:17.285693
0.0,0.0,2025-07-04T11:36:17.288685
0.0,0.0,2025-07-04T11:36:17.292674
0.0,0.0,2025-07-04T11:36:17.294668
0.0,0.0,2025-07-04T11:36:17.296663
0.0,0.0,2025-07-04T11:36:17.298658
0.0,0.0,2025-07-04T11:36:17.300652
0.0,0.0,2025-07-04T11:36:17.302647
0.0,0.0,2025-07-04T11:36:17.305639
0.0,0.0,2025-07-04T11:36:17.307634
0.0,0.0,2025-07-04T11:36:17.309628
0.0,0.0,2025-07-04T11:36:17.311623
0.0,0.0,2025-07-04T11:36:17.313618
0.0,0.0,2025-07-04T11:36:17.315612
0.0,0.0,2025-07-04T11:36:17.317607
0.0,0.0,2025-07-04T11:36:17.319602
0.0,0.0,2025-07-04T11:36:17.322594
0.0,0.0,2025-07-04T11:36:17.324588
0.0,0.0,2025-07-04T11:36:17.326583
0.0,0.0,2025-07-04T11:36:17.328578
0.0,0.0,2025-07-04T11:36:17.330572
0.0,0.0,2025-07-04T11:36:17.332567
0.0,0.0,2025-07-04T11:36:17.334562
0.0,0.0,2025-07-04T11:36:17.337559
0.0,0.0,2025-07-04T11:36:17.340547
0.0,0.0,2025-07-04T11:36:17.342542
0.0,0.0,2025-07-04T11:36:17.344537
0.0,0.0,2025-07-04T11:36:17.346531
0.0,0.0,2025-07-04T11:36:17.348526
0.0,0.0,2025-07-04T11:36:17.350521
0.0,0.0,2025-07-04T11:36:17.352514
0.0,0.0,2025-07-04T11:36:17.355536
0.0,0.0,2025-07-04T11:36:17.358498
0.0,0.0,2025-07-04T11:36:17.360495
0.0,0.0,2025-07-04T11:36:17.362510
0.0,0.0,2025-07-04T11:36:17.364505
0.0,0.0,2025-07-04T11:36:17.366501
0.0,0.0,2025-07-04T11:36:17.368472
0.0,0.0,2025-07-04T11:36:17.370482
0.0,0.0,2025-07-04T11:36:17.373491
0.0,0.0,2025-07-04T11:36:17.375486
0.0,0.0,2025-07-04T11:36:17.377480
0.0,0.0,2025-07-04T11:36:17.379474
0.0,0.0,2025-07-04T11:36:17.381469
0.0,0.0,2025-07-04T11:36:17.383464
0.0,0.0,2025-07-04T11:36:17.385427
0.0,0.0,2025-07-04T11:36:17.387423
0.0,0.0,2025-07-04T11:36:17.390414
0.0,0.0,2025-07-04T11:36:17.392409
0.0,0.0,2025-07-04T11:36:17.395401
0.0,0.0,2025-07-04T11:36:17.397395
0.0,0.0,2025-07-04T11:36:17.399390
0.0,0.0,2025-07-04T11:36:17.401384
0.0,0.0,2025-07-04T11:36:17.403379
0.0,0.0,2025-07-04T11:36:17.406402
0.0,0.0,2025-07-04T11:36:17.408393
0.0,0.0,2025-07-04T11:36:17.410361
0.0,0.0,2025-07-04T11:36:17.412386
0.0,0.0,2025-07-04T11:36:17.414379
0.0,0.0,2025-07-04T11:36:17.416372
0.0,0.0,2025-07-04T11:36:17.418342
0.0,0.0,2025-07-04T11:36:17.421332
0.0,0.0,2025-07-04T11:36:17.424324
0.0,0.0,2025-07-04T11:36:17.426340
0.0,0.0,2025-07-04T11:36:17.428340
0.0,0.0,2025-07-04T11:36:17.430335
0.0,0.0,2025-07-04T11:36:17.432489
0.0,0.0,2025-07-04T11:36:17.435295
0.0,0.0,2025-07-04T11:36:17.438286
0.0,0.0,2025-07-04T11:36:17.441278
0.0,0.0,2025-07-04T11:36:17.444301
0.0,0.0,2025-07-04T11:36:17.446295
0.0,0.0,2025-07-04T11:36:17.448287
0.0,0.0,2025-07-04T11:36:17.450284
0.0,0.0,2025-07-04T11:36:17.453245
0.0,0.0,2025-07-04T11:36:17.456266
0.0,0.0,2025-07-04T11:36:17.459257
0.0,0.0,2025-07-04T11:36:17.461252
0.0,0.0,2025-07-04T11:36:17.463247
0.0,0.0,2025-07-04T11:36:17.465326
0.0,0.0,2025-07-04T11:36:17.467314
0.0,0.0,2025-07-04T11:36:17.469204
0.0,0.0,2025-07-04T11:36:17.471261
0.0,0.0,2025-07-04T11:36:17.473221
0.0,0.0,2025-07-04T11:36:17.475298
0.0,0.0,2025-07-04T11:36:17.478289
0.0,0.0,2025-07-04T11:36:17.481286
0.0,0.0,2025-07-04T11:36:17.484277
0.0,0.0,2025-07-04T11:36:17.487243
0.0,0.0,2025-07-04T11:36:17.490245
0.0,0.0,2025-07-04T11:36:17.493252
0.0,0.0,2025-07-04T11:36:17.496242
0.0,0.0,2025-07-04T11:36:17.499224
0.0,0.0,2025-07-04T11:36:17.502149
0.0,0.0,2025-07-04T11:36:17.505136
0.0,0.0,2025-07-04T11:36:17.508311
0.0,0.0,2025-07-04T11:36:17.511301
0.0,0.0,2025-07-04T11:36:17.514298
0.0,0.0,2025-07-04T11:36:17.517287
0.0,0.0,2025-07-04T11:36:17.520070
0.0,0.0,2025-07-04T11:36:17.522090
0.0,0.0,2025-07-04T11:36:17.524224
0.0,0.0,2025-07-04T11:36:17.527143
0.0,0.0,2025-07-04T11:36:17.530248
0.0,0.0,2025-07-04T11:36:17.533239
0.0,0.0,2025-07-04T11:36:17.536026
0.0,0.0,2025-07-04T11:36:17.539046
0.0,0.0,2025-07-04T11:36:17.542219
0.0,0.0,2025-07-04T11:36:17.545208
0.0,0.0,2025-07-04T11:36:17.548183
0.0,0.0,2025-07-04T11:36:17.551184
0.0,0.0,2025-07-04T11:36:17.553978
0.0,0.0,2025-07-04T11:36:17.556000
0.0,0.0,2025-07-04T11:36:17.558132
0.0,0.0,2025-07-04T11:36:17.561147
0.0,0.0,2025-07-04T11:36:17.564146
0.0,0.0,2025-07-04T11:36:17.567134
0.0,0.0,2025-07-04T11:36:17.569968
0.0,0.0,2025-07-04T11:36:17.573160
0.0,0.0,2025-07-04T11:36:17.575351
0.0,0.0,2025-07-04T11:36:17.578151
0.0,0.0,2025-07-04T11:36:17.580170
0.0,0.0,2025-07-04T11:36:17.582140
0.0,0.0,2025-07-04T11:36:17.584159
0.0,0.0,2025-07-04T11:36:17.587127
0.0,0.0,2025-07-04T11:36:17.590147
0.0,0.0,2025-07-04T11:36:17.594240
0.0,0.0,2025-07-04T11:36:17.598149
0.0,0.0,2025-07-04T11:36:17.602090
0.0,0.0,2025-07-04T11:36:17.606110
0.0,0.0,2025-07-04T11:36:17.610232
0.0,0.0,2025-07-04T11:36:17.613095
0.0,0.0,2025-07-04T11:36:17.616236
0.0,0.0,2025-07-04T11:36:17.619073
0.0,0.0,2025-07-04T11:36:17.622063
0.0,0.0,2025-07-04T11:36:17.625205
0.0,0.0,2025-07-04T11:36:17.628217
0.0,0.0,2025-07-04T11:36:17.631193
0.0,0.0,2025-07-04T11:36:17.634189
0.0,0.0,2025-07-04T11:36:17.636995
0.0,0.0,2025-07-04T11:36:17.639992
0.0,0.0,2025-07-04T11:36:17.642175
0.0,0.0,2025-07-04T11:36:17.645152
0.0,0.0,2025-07-04T11:36:17.648143
0.0,0.0,2025-07-04T11:36:17.651135
0.0,0.0,2025-07-04T11:36:17.654018
0.0,0.0,2025-07-04T11:36:17.656940
0.0,0.0,2025-07-04T11:36:17.659117
0.0,0.0,2025-07-04T11:36:17.662107
0.0,0.0,2025-07-04T11:36:17.665114
0.0,0.0,2025-07-04T11:36:17.667974
0.0,0.0,2025-07-04T11:36:17.670903
0.0,0.0,2025-07-04T11:36:17.673985
0.0,0.0,2025-07-04T11:36:17.677086
0.0,0.0,2025-07-04T11:36:17.680077
0.0,0.0,2025-07-04T11:36:17.683050
0.0,0.0,2025-07-04T11:36:17.685862
0.0,0.0,2025-07-04T11:36:17.688884
0.0,0.0,2025-07-04T11:36:17.692043
0.0,0.0,2025-07-04T11:36:17.695042
0.0,0.0,2025-07-04T11:36:17.698024
0.0,0.0,2025-07-04T11:36:17.701016
0.0,0.0,2025-07-04T11:36:17.704841
0.0,0.0,2025-07-04T11:36:17.708011
0.0,0.0,2025-07-04T11:36:17.710978
0.0,0.0,2025-07-04T11:36:17.713982
0.0,0.0,2025-07-04T11:36:17.716975
0.0,0.0,2025-07-04T11:36:17.719773
0.0,0.0,2025-07-04T11:36:17.722931
0.0,0.0,2025-07-04T11:36:17.725950
0.0,0.0,2025-07-04T11:36:17.728941
0.0,0.0,2025-07-04T11:36:17.731943
0.0,0.0,2025-07-04T11:36:17.734732
0.0,0.0,2025-07-04T11:36:17.738721
0.0,0.0,2025-07-04T11:36:17.741811
0.0,0.0,2025-07-04T11:36:17.743812
0.0,0.0,2025-07-04T11:36:17.748006
0.0,0.0,2025-07-04T11:36:17.752006
0.0,0.0,2025-07-04T11:36:17.755996
0.0,0.0,2025-07-04T11:36:17.760015
0.0,0.0,2025-07-04T11:36:17.763136
0.0,0.0,2025-07-04T11:36:17.766150
0.0,0.0,2025-07-04T11:36:17.768989
0.0,0.0,2025-07-04T11:36:17.771980
0.0,0.0,2025-07-04T11:36:17.775113
0.0,0.0,2025-07-04T11:36:17.778139
0.0,0.0,2025-07-04T11:36:17.781132
0.0,0.0,2025-07-04T11:36:17.784112
0.0,0.0,2025-07-04T11:36:17.786910
0.0,0.0,2025-07-04T11:36:17.790059
0.0,0.0,2025-07-04T11:36:17.792895
0.0,0.0,2025-07-04T11:36:17.796084
0.0,0.0,2025-07-04T11:36:17.799060
0.0,0.0,2025-07-04T11:36:17.801871
0.0,0.0,2025-07-04T11:36:17.804862
0.0,0.0,2025-07-04T11:36:17.807855
0.0,0.0,2025-07-04T11:36:17.810051
0.0,0.0,2025-07-04T11:36:17.813056
0.0,0.0,2025-07-04T11:36:17.816040
0.0,0.0,2025-07-04T11:36:17.818854
0.0,0.0,2025-07-04T11:36:17.821846
0.0,0.0,2025-07-04T11:36:17.825022
0.0,0.0,2025-07-04T11:36:17.828017
0.0,0.0,2025-07-04T11:36:17.831011
0.0,0.0,2025-07-04T11:36:17.834002
0.0,0.0,2025-07-04T11:36:17.836778
0.0,0.0,2025-07-04T11:36:17.838799
0.0,0.0,2025-07-04T11:36:17.841980
0.0,0.0,2025-07-04T11:36:17.844979
0.0,0.0,2025-07-04T11:36:17.847956
0.0,0.0,2025-07-04T11:36:17.850948
0.0,0.0,2025-07-04T11:36:17.853731
0.0,0.0,2025-07-04T11:36:17.856881
0.0,0.0,2025-07-04T11:36:17.859921
0.0,0.0,2025-07-04T11:36:17.862916
0.0,0.0,2025-07-04T11:36:17.865913
0.0,0.0,2025-07-04T11:36:17.868721
0.0,0.0,2025-07-04T11:36:17.871685
0.0,0.0,2025-07-04T11:36:17.874785
0.0,0.0,2025-07-04T11:36:17.876883
0.0,0.0,2025-07-04T11:36:17.879663
0.0,0.0,2025-07-04T11:36:17.882866
0.0,0.0,2025-07-04T11:36:17.885676
0.0,0.0,2025-07-04T11:36:17.888668
0.0,0.0,2025-07-04T11:36:17.891845
0.0,0.0,2025-07-04T11:36:17.894837
0.0,0.0,2025-07-04T11:36:17.897822
0.0,0.0,2025-07-04T11:36:17.900812
0.0,0.0,2025-07-04T11:36:17.903598
0.0,0.0,2025-07-04T11:36:17.906748
0.0,0.0,2025-07-04T11:36:17.909794
0.0,0.0,2025-07-04T11:36:17.912781
0.0,0.0,2025-07-04T11:36:17.915781
0.0,0.0,2025-07-04T11:36:17.918592
0.0,0.0,2025-07-04T11:36:17.921578
0.0,0.0,2025-07-04T11:36:17.924547
0.0,0.0,2025-07-04T11:36:17.926746
0.0,0.0,2025-07-04T11:36:17.929739
0.0,0.0,2025-07-04T11:36:17.932735
0.0,0.0,2025-07-04T11:36:17.935544
0.0,0.0,2025-07-04T11:36:17.938533
0.0,0.0,2025-07-04T11:36:17.941711
0.0,0.0,2025-07-04T11:36:17.944702
0.0,0.0,2025-07-04T11:36:17.947690
0.0,0.0,2025-07-04T11:36:17.950683
0.0,0.0,2025-07-04T11:36:17.953465
0.0,0.0,2025-07-04T11:36:17.955487
0.0,0.0,2025-07-04T11:36:17.958680
0.0,0.0,2025-07-04T11:36:17.961662
0.0,0.0,2025-07-04T11:36:17.964643
0.0,0.0,2025-07-04T11:36:17.967637
0.0,0.0,2025-07-04T11:36:17.970420
0.0,0.0,2025-07-04T11:36:17.972442
0.0,0.0,2025-07-04T11:36:17.974595
0.0,0.0,2025-07-04T11:36:17.977583
0.0,0.0,2025-07-04T11:36:17.980584
0.0,0.0,2025-07-04T11:36:17.983595
0.0,0.0,2025-07-04T11:36:17.986377
0.0,0.0,2025-07-04T11:36:17.989479
0.0,0.0,2025-07-04T11:36:17.991572
0.0,0.0,2025-07-04T11:36:17.994557
0.0,0.0,2025-07-04T11:36:17.997558
0.0,0.0,2025-07-04T11:36:18.000369
0.0,0.0,2025-07-04T11:36:18.002335
0.0,0.0,2025-07-04T11:36:18.005354
0.0,0.0,2025-07-04T11:36:18.008537
0.0,0.0,2025-07-04T11:36:18.011505
0.0,0.0,2025-07-04T11:36:18.014510
0.0,0.0,2025-07-04T11:36:18.017507
0.0,0.0,2025-07-04T11:36:18.020286
0.0,0.0,2025-07-04T11:36:18.022309
0.0,0.0,2025-07-04T11:36:18.024464
0.0,0.0,2025-07-04T11:36:18.027268
0.0,0.0,2025-07-04T11:36:18.029459
0.0,0.0,2025-07-04T11:36:18.032465
0.0,0.0,2025-07-04T11:36:18.035249
0.0,0.0,2025-07-04T11:36:18.038266
0.0,0.0,2025-07-04T11:36:18.041447
0.0,0.0,2025-07-04T11:36:18.044411
0.0,0.0,2025-07-04T11:36:18.047424
0.0,0.0,2025-07-04T11:36:18.050418
0.0,0.0,2025-07-04T11:36:18.053199
0.0,0.0,2025-07-04T11:36:18.056344
0.0,0.0,2025-07-04T11:36:18.059358
0.0,0.0,2025-07-04T11:36:18.062385
0.0,0.0,2025-07-04T11:36:18.065380
0.0,0.0,2025-07-04T11:36:18.068160
0.0,0.0,2025-07-04T11:36:18.071178
0.0,0.0,2025-07-04T11:36:18.074246
0.0,0.0,2025-07-04T11:36:18.076244
0.0,0.0,2025-07-04T11:36:18.079335
0.0,0.0,2025-07-04T11:36:18.082333
0.0,0.0,2025-07-04T11:36:18.085115
0.0,0.0,2025-07-04T11:36:18.088134
0.0,0.0,2025-07-04T11:36:18.091284
0.0,0.0,2025-07-04T11:36:18.094265
0.0,0.0,2025-07-04T11:36:18.097286
0.0,0.0,2025-07-04T11:36:18.100268
0.0,0.0,2025-07-04T11:36:18.103066
0.0,0.0,2025-07-04T11:36:18.106090
0.0,0.0,2025-07-04T11:36:18.108248
0.0,0.0,2025-07-04T11:36:18.111242
0.0,0.0,2025-07-04T11:36:18.114242
0.0,0.0,2025-07-04T11:36:18.117235
0.0,0.0,2025-07-04T11:36:18.120021
0.0,0.0,2025-07-04T11:36:18.123114
0.0,0.0,2025-07-04T11:36:18.126197
0.0,0.0,2025-07-04T11:36:18.129188
0.0,0.0,2025-07-04T11:36:18.132202
0.0,0.0,2025-07-04T11:36:18.134981
0.0,0.0,2025-07-04T11:36:18.138969
0.0,0.0,2025-07-04T11:36:18.141965
0.0,0.0,2025-07-04T11:36:18.143956
0.0,0.0,2025-07-04T11:36:18.146170
0.0,0.0,2025-07-04T11:36:18.149156
0.0,0.0,2025-07-04T11:36:18.151936
0.0,0.0,2025-07-04T11:36:18.154956
0.0,0.0,2025-07-04T11:36:18.157923
0.0,0.0,2025-07-04T11:36:18.160128
0.0,0.0,2025-07-04T11:36:18.163099
0.0,0.0,2025-07-04T11:36:18.166107
0.0,0.0,2025-07-04T11:36:18.168920
0.0,0.0,2025-07-04T11:36:18.171909
0.0,0.0,2025-07-04T11:36:18.174877
0.0,0.0,2025-07-04T11:36:18.177084
0.0,0.0,2025-07-04T11:36:18.180072
0.0,0.0,2025-07-04T11:36:18.183063
0.0,0.0,2025-07-04T11:36:18.185875
0.0,0.0,2025-07-04T11:36:18.188837
0.0,0.0,2025-07-04T11:36:18.191832
0.0,0.0,2025-07-04T11:36:18.193825
0.0,0.0,2025-07-04T11:36:18.196034
0.0,0.0,2025-07-04T11:36:18.199018
0.0,0.0,2025-07-04T11:36:18.201802
0.0,0.0,2025-07-04T11:36:18.204822
0.0,0.0,2025-07-04T11:36:18.207789
0.0,0.0,2025-07-04T11:36:18.210004
0.0,0.0,2025-07-04T11:36:18.212983
0.0,0.0,2025-07-04T11:36:18.215964
0.0,0.0,2025-07-04T11:36:18.218787
0.0,0.0,2025-07-04T11:36:18.221777
0.0,0.0,2025-07-04T11:36:18.224953
0.0,0.0,2025-07-04T11:36:18.227939
0.0,0.0,2025-07-04T11:36:18.230933
0.0,0.0,2025-07-04T11:36:18.233931
0.0,0.0,2025-07-04T11:36:18.236709
0.0,0.0,2025-07-04T11:36:18.239857
0.0,0.0,2025-07-04T11:36:18.242901
0.0,0.0,2025-07-04T11:36:18.245894
0.0,0.0,2025-07-04T11:36:18.248704
0.0,0.0,2025-07-04T11:36:18.250704
0.0,0.0,2025-07-04T11:36:18.253665
0.0,0.0,2025-07-04T11:36:18.256657
0.0,0.0,2025-07-04T11:36:18.258650
0.0,0.0,2025-07-04T11:36:18.260645
0.0,0.0,2025-07-04T11:36:18.262640
0.0,0.0,2025-07-04T11:36:18.264635
0.0,0.0,2025-07-04T11:36:18.266656
0.0,0.0,2025-07-04T11:36:18.268652
0.0,0.0,2025-07-04T11:36:18.271647
0.0,0.0,2025-07-04T11:36:18.274611
0.0,0.0,2025-07-04T11:36:18.276804
0.0,0.0,2025-07-04T11:36:18.280592
0.0,0.0,2025-07-04T11:36:18.283589
0.0,0.0,2025-07-04T11:36:18.285579
0.0,0.0,2025-07-04T11:36:18.288572
0.0,0.0,2025-07-04T11:36:18.292560
0.0,0.0,2025-07-04T11:36:18.294554
0.0,0.0,2025-07-04T11:36:18.296549
0.0,0.0,2025-07-04T11:36:18.298548
0.0,0.0,2025-07-04T11:36:18.300543
0.0,0.0,2025-07-04T11:36:18.302532
0.0,0.0,2025-07-04T11:36:18.304624
0.0,0.0,2025-07-04T11:36:18.306550
0.0,0.0,2025-07-04T11:36:18.308708
0.0,0.0,2025-07-04T11:36:18.311731
0.0,0.0,2025-07-04T11:36:18.314714
0.0,0.0,2025-07-04T11:36:18.317701
0.0,0.0,2025-07-04T11:36:18.320572
0.0,0.0,2025-07-04T11:36:18.323634
0.0,0.0,2025-07-04T11:36:18.326683
0.0,0.0,2025-07-04T11:36:18.329671
0.0,0.0,2025-07-04T11:36:18.332453
0.0,0.0,2025-07-04T11:36:18.334670
0.0,0.0,2025-07-04T11:36:18.337522
0.0,0.0,2025-07-04T11:36:18.340432
0.0,0.0,2025-07-04T11:36:18.342427
0.0,0.0,2025-07-04T11:36:18.344422
0.0,0.0,2025-07-04T11:36:18.346416
0.0,0.0,2025-07-04T11:36:18.348411
0.0,0.0,2025-07-04T11:36:18.350406
0.0,0.0,2025-07-04T11:36:18.352399
0.0,0.0,2025-07-04T11:36:18.355392
0.0,0.0,2025-07-04T11:36:18.358386
0.0,0.0,2025-07-04T11:36:18.360379
0.0,0.0,2025-07-04T11:36:18.362374
0.0,0.0,2025-07-04T11:36:18.364369
0.0,0.0,2025-07-04T11:36:18.366363
0.0,0.0,2025-07-04T11:36:18.368357
0.0,0.0,2025-07-04T11:36:18.371378
0.0,0.0,2025-07-04T11:36:18.374368
0.0,0.0,2025-07-04T11:36:18.376363
0.0,0.0,2025-07-04T11:36:18.378364
0.0,0.0,2025-07-04T11:36:18.380353
0.0,0.0,2025-07-04T11:36:18.382349
0.0,0.0,2025-07-04T11:36:18.384315
0.0,0.0,2025-07-04T11:36:18.387307
0.0,0.0,2025-07-04T11:36:18.390326
0.0,0.0,2025-07-04T11:36:18.392322
0.0,0.0,2025-07-04T11:36:18.394462
0.0,0.0,2025-07-04T11:36:18.397482
0.0,0.0,2025-07-04T11:36:18.400301
0.0,0.0,2025-07-04T11:36:18.403265
0.0,0.0,2025-07-04T11:36:18.407256
0.0,0.0,2025-07-04T11:36:18.410273
0.0,0.0,2025-07-04T11:36:18.412242
0.0,0.0,2025-07-04T11:36:18.414235
0.0,0.0,2025-07-04T11:36:18.417226
0.0,0.0,2025-07-04T11:36:18.420218
0.0,0.0,2025-07-04T11:36:18.422240
0.0,0.0,2025-07-04T11:36:18.425415
0.0,0.0,2025-07-04T11:36:18.428398
0.0,0.0,2025-07-04T11:36:18.431396
0.0,0.0,2025-07-04T11:36:18.434369
0.0,0.0,2025-07-04T11:36:18.439167
0.0,0.0,2025-07-04T11:36:18.442164
0.0,0.0,2025-07-04T11:36:18.444341
0.0,0.0,2025-07-04T11:36:18.447361
0.0,0.0,2025-07-04T11:36:18.450352
0.0,0.0,2025-07-04T11:36:18.453164
0.0,0.0,2025-07-04T11:36:18.455195
0.0,0.0,2025-07-04T11:36:18.458406
0.0,0.0,2025-07-04T11:36:18.461439
0.0,0.0,2025-07-04T11:36:18.463691
0.0,0.0,2025-07-04T11:36:18.465903
0.0,0.0,2025-07-04T11:36:18.468712
0.0,0.0,2025-07-04T11:36:18.471702
0.0,0.0,2025-07-04T11:36:18.474882
0.0,0.0,2025-07-04T11:36:18.477844
0.0,0.0,2025-07-04T11:36:18.480824
0.0,0.0,2025-07-04T11:36:18.483671
0.0,0.0,2025-07-04T11:36:18.486635
